3186607,SI,,,46.22482,14.17205,,,,,Železniki,Železniki,"Zeleznica,Zelezniki,Železnica,Železniki",3075,4228
3188128,SI,,,45.83222,14.63639,,,,,Velike Lašče,Velike Lašče,"Gmina Velike Lasce,Gmina Velike Lašče,Gross-Laschitz,Grosslaschitz,Großlaschitz,Opcina Velike Lasce,Općina Velike Lašče,Velike Lasce,Velike Lashche,Velike Lashhe,Velike Lašče,bellikelasyuche,Велике Лашче,Велике Лаще,ヴェリケ・ラシチェ,벨리케라슈체",729,1315
3194622,SI,,,46.61139,15.16611,,,,,Muta,Muta,"Muta,Na Muti",2300,2366
3201314,SI,,,45.52083,15.17556,,,,,Dragatuš,Dragatuš,"Dragatus,Dragatuš",251,8343
6956391,SI,,,45.88129,14.77807,,,,,Krka,Krka,"Krka  Ivancna Gorica,Krka  Ivančna Gorica",242,1301
3186538,SI,,,46.63917,15.61556,,,,,Zgornja Kungota,Zgornja Kungota,"Ober Sankt Kunigund,Zgornja Kungota,Zgornja Spodnja Kungota,Zgornja Sveta Kungota",535,2201
3197959,SI,,,46.68472,16.39778,,,,,Kobilje,Kobilje,"Brezovica,Kebele,Kebeleszentmarton,Kebeleszentmárton,Kobilje,Obcina Brezovica,Občina Brezovica,burezovu~itsu~a,ブレゾヴィツァ",618,9227
3199020,SI,,,46.15,14.95,,,,,Izlake,Izlake,Izlake,1181,1411
3202572,SI,,,46.39988,15.73118,,,,,Cirkovce,Cirkovce,"Cirkovce,Cirkovci",418,2326
3196682,SI,,,46.57611,15.83139,,,,,Lenart v Slovenskih goricah,Lenart v Slov. Goricah,"Lenart,Lenart v Slovenskih Goricah,Sankt Leonhard,Sent Lenart,Sveti Lenard,Sveti Lenart,Šent Lenart",3006,2230
3202333,SI,,,45.57111,15.18889,,,,,Črnomelj,Črnomelj,"Chrnomel',Crnomelj,Obcina Crnomelj,Občina Črnomelj,Tschernembl,cherunomeri,Črnomelj,Чрномель,チェルノメリ",5776,8340
3192241,SI,,,46.42005,15.87018,,,,,Ptuj,Ptuj,"Mestna obcina Ptuj,Mestna občina Ptuj,Pettau,Ptuj,puto~ui,Птуй,プトゥイ",18164,2250
3197295,SI,,,46.10204,14.78575,,,,,Kresnice,Kresnice,Kresnice,745,1281
3196261,SI,,,45.66111,13.92806,,,,,Lokev,Lokev,"Corgnale,Lokev",780,6219
3201730,SI,,,46.13774,14.59371,,,,,Domžale,Domžale,"Domzale,Domzales,Domzhale,Domžale,Domžalės,Obcina Domzale,Občina Domžale,dmzhalh,domjalle,domujare,domzhale,duo mu zha lai,Домжале,דומזאלה,دمژاله,დომჟალე,ドムジャレ,多姆扎萊,돔잘레",12406,1230
3203471,SI,,,46.26472,13.42778,,,,,Breginj,Breginj,"Bergogna,Breginj",196,5223
3204044,SI,,,46.05889,15.66417,,,,,Bistrica ob Sotli,Bistrica ob Sotli,"Bistrica,Bistrica ob Sotli,Sent Peter,Sveti Peter,Sveti Peter pod Sveti Gorami,Šent Peter",272,3256
3338866,SI,,,46.18722,15.4325,,,,,Gorica pri Slivnici,Gorica pri Slivnici,"Gorica,Gorica pri Slivnici",557,3263
3192262,SI,,,45.89,13.71806,,,,,Prvačina,Prvačina,"Prevacina,Prvacina,Prvačina",1268,5297
3196359,SI,,,46.05108,14.50513,,,,,Ljubljana,Ljubljana,"Aemona,Gorad Ljubljana,Jubaljana,LJU,Laibach,Laiboch,Lioumpliana,Liubliana,Liublianne,Liublijana,Liuibleana,Liúibleána,Ljubljan,Ljubljana,Ljubljana osh,Ljubljanae,Ljubljano,Lubian-a,Lubiana,Lubiane,Lubiann-a,Lubjana,Lublan,Lublana,Lublaň,Lubliano,Lubljana,Luebiana,Lueblaen,Lueblana,Lyoubyana,Lyublyana,Lübiana,Lüblâna,Lüblän,li'ubali'ana,li'ubliyana,liubliana,liyubliyana,liyupliyana,lu bu er ya na,lub li ya na,lyubeullyana,lywblyana,ryuburyana,Ļubļana,Ľubľana,Łubiana,Λιουμπλιάνα,Љубљана,Горад Любляна,Люблян,Люблянæ,Любляна,Любляна ош,Люблꙗна,Լյուբլյանա,ליובליאנה,ليوبليانا,ليۇبليانا,لیوبلیانا,लियुब्लियाना,লিউব্লিয়ানা,ਲਿਊਬਲਿਆਨਾ,லியுப்லியானா,ลูบลิยานา,ལི་པོ་ཡ་ན།,ლიუბლიანა,ልዩብልያና,リュブリャナ,卢布尔雅那,盧布爾雅那,류블랴나",272220,"1532,1502,1506,1524,1514,1545,1521,1535,1509,1538,1520,1508,1547,1510,1537,1540,1516,1518,1511,1519,1527,1503,1528,1517,1504,1507,1534,1501,1533,1522,1523,1544,1526,1529,1550,1513,1505,1512,1536,1600,1525,1500,1546,1542,1543"
3196359,SI,,,46.05108,14.50513,,,,,Ljubljana - poštni predali,Ljubljana,"Aemona,Gorad Ljubljana,Jubaljana,LJU,Laibach,Laiboch,Lioumpliana,Liubliana,Liublianne,Liublijana,Liuibleana,Liúibleána,Ljubljan,Ljubljana,Ljubljana osh,Ljubljanae,Ljubljano,Lubian-a,Lubiana,Lubiane,Lubiann-a,Lubjana,Lublan,Lublana,Lublaň,Lubliano,Lubljana,Luebiana,Lueblaen,Lueblana,Lyoubyana,Lyublyana,Lübiana,Lüblâna,Lüblän,li'ubali'ana,li'ubliyana,liubliana,liyubliyana,liyupliyana,lu bu er ya na,lub li ya na,lyubeullyana,lywblyana,ryuburyana,Ļubļana,Ľubľana,Łubiana,Λιουμπλιάνα,Љубљана,Горад Любляна,Люблян,Люблянæ,Любляна,Любляна ош,Люблꙗна,Լյուբլյանա,ליובליאנה,ليوبليانا,ليۇبليانا,لیوبلیانا,लियुब्लियाना,লিউব্লিয়ানা,ਲਿਊਬਲਿਆਨਾ,லியுப்லியானா,ลูบลิยานา,ལི་པོ་ཡ་ན།,ლიუბლიანა,ልዩብልያና,リュブリャナ,卢布尔雅那,盧布爾雅那,류블랴나",272220,1001
3196359,SI,,,46.05108,14.50513,,,,,Ljubljana - dostava,Ljubljana,"Aemona,Gorad Ljubljana,Jubaljana,LJU,Laibach,Laiboch,Lioumpliana,Liubliana,Liublianne,Liublijana,Liuibleana,Liúibleána,Ljubljan,Ljubljana,Ljubljana osh,Ljubljanae,Ljubljano,Lubian-a,Lubiana,Lubiane,Lubiann-a,Lubjana,Lublan,Lublana,Lublaň,Lubliano,Lubljana,Luebiana,Lueblaen,Lueblana,Lyoubyana,Lyublyana,Lübiana,Lüblâna,Lüblän,li'ubali'ana,li'ubliyana,liubliana,liyubliyana,liyupliyana,lu bu er ya na,lub li ya na,lyubeullyana,lywblyana,ryuburyana,Ļubļana,Ľubľana,Łubiana,Λιουμπλιάνα,Љубљана,Горад Любляна,Люблян,Люблянæ,Любляна,Любляна ош,Люблꙗна,Լյուբլյանա,ליובליאנה,ليوبليانا,ليۇبليانا,لیوبلیانا,लियुब्लियाना,লিউব্লিয়ানা,ਲਿਊਬਲਿਆਨਾ,லியுப்லியானா,ลูบลิยานา,ལི་པོ་ཡ་ན།,ლიუბლიანა,ልዩብልያና,リュブリャナ,卢布尔雅那,盧布爾雅那,류블랴나",272220,1000
3199666,SI,,,46.15389,13.86194,,,,,Grahovo ob Bači,Grahovo ob Bači,"Gracova,Grahovo",138,5242
3204870,SI,,,45.52219,15.30648,,,,,Adlešiči,Adlešiči,"Adlesici,Adlešiči",118,8341
3195511,SI,,,45.50972,13.80306,,,,,Marezige,Marezige,"Maresego,Marezige",480,6273
3198647,SI,,,46.43056,14.06694,,,,,Jesenice,Jesenice,"Assling,Esenice,Jesenice,Jesenices,Jesenicės,Obcina Jesenice,Občina Jesenice,esenitse,i~esenitsu~e,jysyntsy,Єсеніце,Јесенице,Есенице,Йесенице,جيسينتسي,یسینیتسے، یسینیتسے,ესენიცე,イェセニツェ",13440,4270
3192899,SI,,,46.58694,15.33056,,,,,Podvelka,Podvelka,Podvelka,343,2363
3200377,SI,,,46.16667,14.15,,,,,Gorenja vas,Gorenja Žetina,"Gorenja Vas,Gorenja Zetina,Gorenja Žetina",60,4224
3204025,SI,,,46.01494,15.69285,,,,,Bizeljsko,Bizeljsko,Bizeljsko,691,8259
3194086,SI,,,46.38778,15.44667,,,,,Oplotnica,Oplotnica,"Obcina Oplotnica,Občina Oplotnica,Oplotnica,opurotonitsu~a,オプロトニツァ",1352,2317
3186442,SI,,,46.40472,14.14,,,,,Žirovnica,Žirovnica,"Obcina Zirovnica,Občina Žirovnica,Zirovnica,jirovunitsu~a,Žirovnica,ジロヴニツァ",601,4274
3187428,SI,,,45.90694,13.6775,,,,,Volčja Draga,Volčja Draga,"Valvolciana,Volcja Draga,Volčja Draga",743,5293
3190631,SI,,,46.12333,13.80472,,,,,Slap ob Idrijci,Slap ob Idrijci,"Slap,Slap ob Idrijci,Slappe d'Idria,Slappe d’Idria",242,5283
3192603,SI,,,46.39667,15.66,,,,,Pragersko,Pragersko,"Pragerhof,Pragersko",1150,2331
3200916,SI,,,45.81389,14.97111,,,,,Dvor,Dvor,Dvor,395,8361
3192121,SI,,,46.61417,15.22639,,,,,Radlje ob Dravi,Radlje ob Dravi,"Marenberg,Mariberg,Obcina Radlje ob Dravi,Občina Radlje ob Dravi,Radlje,Radlje ob Dravi,ラドリェ・オブ・ドラヴィ",2811,2360
3200826,SI,,,46.73333,16.26667,,,,,Fokovci,Fokovci,"Fokovci,Urdomb,Úrdomb",200,9208
3338873,SI,,,46.24833,15.00944,,,,,Kapla,Kapla,Kapla,270,2362
3339128,SI,,,46.55,15.495,,,,,Selnica ob Dravi,Selnica ob Dravi,"Selnica,Selnica ob Dravi",1297,2352
3186664,SI,,,45.97722,15.54583,,,,,Zdole,Zdole,Zdole,287,8272
3190530,SI,,,46.33667,15.42583,,,,,Slovenske Konjice,Slovenske Konjice,"Gonobitz,Konjice,Obcina Slovenske Konjice,Občina Slovenske Konjice,Slovenske Konice,Slovenske Konjice,Словенске Коњице,スロヴェンスケ・コニツェ",4869,3210
3190717,SI,,,46.16551,14.30626,,,,,Škofja Loka,Škofja Loka,"Bischoflack,Gmina Skofja Loka,Gmina Škofja Loka,Shkof'ja-Loka,Shkofja Loka,Skofia Loka,Skofja Loka,Skosja Loka,shen ke fei ya luo ka,shkfya lka,shkwfja lwka,syukopyaloka,Škofja Loka,Шкофья-Лока,Шкофя Лока,Шкофја Лока,شكوفجا لوكا,شکفیا لکا,შკოფია-ლოკა,シュコーフィア・ロカ,什科菲亞洛卡,슈코퍄로카",11969,4220
3186543,SI,,,46.40611,15.83861,,,,,Hajdina,Zgornja Hajdina,Zgornja Hajdina,858,2288
3194351,SI,,,45.80397,15.16886,,,,,Novo mesto,Novo Mesto,"Gorad Nova-Mesta,Nova Mesta,Nova Urbs,Novo Mestas,Novo Mesto,Novo mesto,Novo-Mesto,Rudolfswert,Rudolfswerth,nobomeseuto,nwbw mstw,nwfw mytsw,nww mstw,nww mystw,nx wx me s tx,xin mei si tuo,Νόβο Μέστο,Горад Нова-Места,Ново Место,Ново место,Ново-Место,נובו מסטו,نوفو ميتسو,نوو مستو,نوو مسٹو,نوو میستو,นอวอเมสตอ,ნოვო-მესტო,ノヴォ・メスト,新梅斯托,노보메스토",23341,"8600,8501"
3194818,SI,,,46.14694,13.73889,,,,,Most na Soči,Most na Soči,"Most na Soci,Most na Soči,Santa Lucia,Santa Lucia d'Isonzo,Santa Lucia di Tolmino,Santa Lucia d’Isonzo,Sveta Lucija",434,5216
3339171,SI,,,46.524,15.77226,,,,,Zgornja Korena,Zgornja Korena,Zgornja Korena,419,2242
3190131,SI,,,46.295,13.92389,,,,,Srednja vas v Bohinju,Srednja Vas v Bohinju,Srednja Vas,505,4267
3191839,SI,,,46.54306,14.96917,,,,,Ravne na Koroškem,Ravne na Koroškem,"Gustanj,Gutenstein,Gutenstein in Kaernten,Gutenstein in Kärnten,Guštanj,Ravne,Ravne na Koroskem,Ravne na Koroškem",6979,2390
3201813,SI,,,46.03528,15.01889,,,,,Dole pri Litiji,Dole pri Litiji,"Dole,Dole pri Litiji",111,1273
3204362,SI,,,45.81806,14.38222,,,,,Begunje pri Cerknici,Begunje pri Cerknici,"Begune-pri-Cerknici,Begunje,Begunje pri Cerknici,Wigaun,Бегунє-при-Церкниці",658,1382
8989440,SI,,,45.52958,14.87077,,,,,Suhor,Suhor,Suhor,0,8331
3188084,SI,,,45.93385,14.90708,,,,,Veliki Gaber,Veliki Gaber,"Gaber,Veliki Gaber",314,8213
3190712,SI,,,45.98333,14.57667,,,,,Škofljica,Škofljica,"Comuna Skofljica,Comuna Škofljica,Gmina Skofljica,Gmina Škofljica,Obcina Skofljica,Občina Škofljica,Opcina Skofljica,Opshtina Shkoflica,Općina Škofljica,Shkoflica,Skofelca,Skofljica,shukofuritsu~a,syukopeullicha,Škofelca,Škofljica,Општина Шкофљица,Шкофліца,シュコフリツァ,슈코플리차",2209,1291
3188684,SI,,,46.13333,14.56667,,,,,Trzin,Trzin,Trzin,3844,1236
3194873,SI,,,46.13694,14.745,,,,,Moravče,Moravče,"Moravce,Moravče",903,1251
3202543,SI,,,45.87583,14.005,,,,,Col,Col,"Col,Oresje-Col,Orešje-Col,Zoll",496,5273
3203809,SI,,,46.34889,14.06389,,,,,Bohinjska Bela,Bohinjska Bela,Bohinjska Bela,546,4263
3195506,SI,,,46.55472,15.64667,,,,,Maribor - poštni predali,Maribor,"MBX,Marburg an der Drau,Marburgo,Maribor,Maribora,Mariboras,Mariboro,Mestna obcina Maribor,Mestna občina Maribor,ma li bo er,mariboru,Марибор,マリボル,马里博尔",95171,2001
3195506,SI,,,46.55472,15.64667,,,,,Maribor - dostava,Maribor,"MBX,Marburg an der Drau,Marburgo,Maribor,Maribora,Mariboras,Mariboro,Mestna obcina Maribor,Mestna občina Maribor,ma li bo er,mariboru,Марибор,マリボル,马里博尔",95171,2000
3195506,SI,,,46.55472,15.64667,,,,,Maribor,Maribor,"MBX,Marburg an der Drau,Marburgo,Maribor,Maribora,Mariboras,Mariboro,Mestna obcina Maribor,Mestna občina Maribor,ma li bo er,mariboru,Марибор,マリボル,马里博尔",95171,"2501,2503,2603,2502,2507,2600,2506,2504,2500,2609,2509,2505,2610"
6956383,SI,,,46.13911,14.96295,,,,,Kisovec,Kisovec,,1838,1412
3189227,SI,,,46.23611,15.01833,,,,,Tabor,Tabor,Tabor,406,3304
3190536,SI,,,46.51028,15.08056,,,,,Slovenj Gradec,Slovenj Gradec,"Mestna obcina Slovenj Gradec,Mestna občina Slovenj Gradec,Sloven'-Gradec,Slovenj Gradec,Slovenji Gradec,Slovenski Gradec,Windischgraz,sloven gradec,Словен Градец,Словень-Градец,スロヴェニ・グラデツ",7519,2380
3191034,SI,,,46.56111,15.03889,,,,,Šentjanž pri Dravogradu,Šentjanž pri Dravogradu,"Sent Janz,Sentjanz pri Dravogradu,Šent Janž,Šentjanž pri Dravogradu",543,2373
3191737,SI,,,45.89,13.66861,,,,,Renče,Renče,"Ranziano,Rence,Renče",1937,5292
3198368,SI,,,46.31667,14.2,,,,,Kamna Gorica,Kamna Gorica,Kamna Gorica,563,4246
3191329,SI,,,46.825,16.29806,,,,,Šalovci,Šalovci,"Gross-Schaal,Klein-Schaal,Sal,Salovci,Schabing,Šalovci",426,9204
3186270,SI,,,45.83389,14.92917,,,,,Žužemberk,Žužemberk,"Obcina Zuzemberk,Občina Žužemberk,Seisenberg,Zuzemberk,Zuzemperk,jujenberuku,Žužemberk,Žužemperk,ジュジェンベルク",1053,8360
3197226,SI,,,46.56833,16.13861,,,,,Križevci pri Ljutomeru,Križevci pri Ljutomeru,"Kreuzdorf,Krizevci,Krizevci pri Ljutomeru,Križevci,Križevci pri Ljutomeru",490,9242
3201748,SI,,,46.08861,14.60083,,,,,Dol pri Ljubljani,Dol pri Ljubljani,"Dol,Dol pri Ljubljani,Lusttal,Obcina Dol pri Ljubljani,Občina Dol pri Ljubljani,ドル・プリ・リュブリャニ",241,1262
3204854,SI,,,45.88601,13.90946,,,,,Ajdovščina,Ajdovščina,"Agintobstsina,Aidussina,Ajdovscina,Ajdovshchina,Ajdovshhina,Ajdovščina,Gmina Ajdovscina,Gmina Ajdovščina,Haidenschaft,Hajdensaft,Hajdenšaft,Obcina Ajdovscina,Občina Ajdovščina,a yi duo fu shen qi na,aidofushuchina,aydwshchyna,aydwshtshyna,aydwwshchyna,Αγιντόβστσινα,Айдовшчина,Айдовщина,Ајдовшчина,آيدوشتشينا,آیدوشچینا,آیدووشچینا,アイドフシュチナ,阿伊多夫什契纳",6656,5270
3196133,SI,,,46.35611,14.74667,,,,,Luče,Luče,"Leutsch,Luce,Luče",413,3334
3203412,SI,,,45.90333,15.59111,,,,,Brežice,Brežice,"Brezhice,Brezice,Brežice,Gmina Brezice,Gmina Brežice,Obcina Brezice,Občina Brežice,Rann,beulejiche,brjytsy,brzhytsh,bu lei ri cai,burejitsu~e,Брежице,برجيتسي,برژیتسه,بریژیتسے,ブレージツェ,布雷日采,브레지체",6573,8250
3204796,SI,,,46.69722,15.91056,,,,,Apače,Apače,"Abstall,Apace,Apače",528,9253
3189178,SI,,,46.23028,15.30222,,,,,Teharje,Teharje,Teharje,287,3221
3191021,SI,,,46.09639,14.46972,,,,,Ljubljana Šentvid,Šentvid,"Sent Vid nad Ljubljano,Sent Vid ni Ljubljano,Sentvid,Šent Vid nad Ljubljano,Šent Vid ni Ljubljano,Šentvid",0,1210
3192484,SI,,,46.54694,14.92083,,,,,Prevalje,Prevalje,"Pollain,Prevalje",4643,2391
3193047,SI,,,46.42917,16.06361,,,,,Podgorci,Podgorci,"Podgorci,Sveti Lenart",530,2273
3195354,SI,,,46.18179,14.39484,,,,,Mavčiče,Mavčiče,"Mavcice,Mavčiče",443,4211
3201750,SI,,,46.14194,15.11278,,,,,Dol pri Hrastniku,Dol pri Hrastniku,"Dol,Dol pri Hrastniku",1491,1431
3192165,SI,,,46.45194,15.68139,,,,,Rače,Rače,"Kranichsfeld,Race,Radisel,Rače",2529,2327
3196269,SI,,,46.1575,15.51472,,,,,Loka pri Žusmu,Loka pri Žusmu,"Loka,Loka pri Zusmu,Loka pri Žusmu",407,3223
3201354,SI,,,45.88972,13.73694,,,,,Dornberk,Dornberk,"Dorinbergo,Dornberg,Dornberk,Montespino,Zali Haib",798,5294
3204363,SI,,,46.38333,14.21667,,,,,Begunje na Gorenjskem,Begunje na Gorenjskem,"Begunje,Begunje na Gorenjskem,Vigaun",988,4275
3190079,SI,,,46.29167,13.49876,,,,,Srpenica,Srpenica,"Serpenizza,Srpenica",185,5224
3190199,SI,,,46.50306,15.74528,,,,,Spodnji Duplek,Spodnji Duplek,Spodnji Duplek,1429,2241
3196560,SI,,,46.55361,15.58361,,,,,Limbuš,Limbuš,"Limbus,Limbuš",2040,2341
3198533,SI,,,46.60639,15.78472,,,,,Jurovski Dol,Jurovski Dol,"Jurovski Dol,Sveti Jurij,Sveti Jurij v Slovenske Gorice",385,2223
3203154,SI,,,45.93333,15.31667,,,,,Bučka,Bučka,"Bucka,Bučka",113,8276
3203850,SI,,,46.74417,16.09222,,,,,Bodonci,Bodonci,"Bodohegy,Bodonci,Bodóhegy,Radovci,Tiborfa,Vadarci,Zenkovci",431,9265
3189941,SI,,,45.49359,15.07719,,,,,Stari trg ob Kolpi,Stari Trg ob Kolpi,Stari Trg,97,8342
3191063,SI,,,45.9275,13.64111,,,,,Šempeter pri Gorici,Šempeter pri Gorici,"San Pietro,San Pietro di Gorizia,San Pietro di Gorízia,Sempeter,Sempeter pri Gorici,Sent Peter,Sveti Peter,Šempeter pri Gorici",3760,5290
3197162,SI,,,46.3,14.2,,,,,Kropa,Kropa,Kropa,807,4245
3197229,SI,,,46.78889,16.24694,,,,,Križevci,Križevci,"Krizevci,Krizevci v Prekmurju,Krizovci,Križevci,Križevci v Prekmurju,Križovci,Totkeresztur,Tótkeresztúr",402,9206
3202704,SI,,,46.57056,15.94361,,,,,Cerkvenjak,Cerkvenjak,"Cerkvenjak,Kirchberg,Sveti Anton",135,2236
3190950,SI,,,46.00778,15.31556,,,,,Sevnica,Sevnica,Sevnica,4660,8290
3193957,SI,,,45.78196,14.67531,,,,,Ortnek,Ortnek,Ortnek,16,1316
3194648,SI,,,46.6625,16.16639,,,,,Murska Sobota - dostava,Murska Sobota,"Mestna obcina Murska Sobota,Mestna občina Murska Sobota,Muraszombat,Murska Sobota,Murska Subota,Oisnitz,Olsnitz,Sobota,Szombat,Мурска Собота,ムルスカ・ソボタ",11614,9000
3194648,SI,,,46.6625,16.16639,,,,,Murska Sobota - poštni predali,Murska Sobota,"Mestna obcina Murska Sobota,Mestna občina Murska Sobota,Muraszombat,Murska Sobota,Murska Subota,Oisnitz,Olsnitz,Sobota,Szombat,Мурска Собота,ムルスカ・ソボタ",11614,9001
3194648,SI,,,46.6625,16.16639,,,,,Murska Sobota,Murska Sobota,"Mestna obcina Murska Sobota,Mestna občina Murska Sobota,Muraszombat,Murska Sobota,Murska Subota,Oisnitz,Olsnitz,Sobota,Szombat,Мурска Собота,ムルスカ・ソボタ",11614,"9501,9600"
3196338,SI,,,46.34358,14.83377,,,,,Ljubno ob Savinji,Ljubno ob Savinji,Ljubno ob Savinji,1104,3333
3186906,SI,,,46.13179,14.99694,,,,,Zagorje ob Savi,Zagorje ob Savi,"Gmina Zagorje ob Savi,Obcina Zagorje ob Savi,Občina Zagorje ob Savi,Zagore prie Savos,Zagore-ob-Savi,Zagorje,Zagorje ob Savi,Zagorė prie Savos,jagole-obeusabi,sa wa he pan zha ge lie,zaghry ab safy,zagryh ab sawy,Загорє-об-Саві,Загорје об Сави,زاغري أب سافي,زاگریه اب ساوی,زگورجے اب سوی,ザゴリェ・オプ・サヴィ,薩瓦河畔扎戈列,자고레오브사비",6439,1410
3192442,SI,,,45.78167,14.77472,,,,,Struge,Pri Cerkvi-Struge,"Pri Cerkvi,Pri Cerkvi-Struge",67,1313
3199347,SI,,,46.02361,14.29917,,,,,Horjul,Horjul,Horjul,1329,1354
3190498,SI,,,46.33333,15.03333,,,,,Šmartno ob Paki,Šmartno ob Paki,"Smartin ob Paki,Smartno,Smartno ob Paki,Šmartin ob Paki,Šmartno,Šmartno ob Paki",642,3327
3202111,SI,,,45.54972,13.81361,,,,,Dekani,Dekani,"Decani,Dekani,Pasja Vas,Villa Decani",1586,6271
8987621,SI,,,46.28297,15.25795,,,,,Loče,Loče,"Loce,Loče",122,3215
3190195,SI,,,46.59556,15.98139,,,,,Spodnji Ivanjci,Spodnji Ivanjci,Spodnji Ivanjci,147,9245
3200819,SI,,,46.456,15.63007,,,,,Fram,Fram,Fram,1024,2313
3188971,SI,,,46.40028,15.02157,,,,,Topolšica,Topolšica,"Topolschitz,Topolscica,Topolščica",1294,3326
3193299,SI,,,45.68292,14.19588,,,,,Pivka,Pivka,"Obcina Pivka,Občina Pivka,Pibka,Pietro del Carso,Pivka,San Peter,San Pietro del Carso,Sent Peter,Sent Peter na Krasu,Sveti Peter na Krasu,pifuka,Šent Peter,Šent Peter na Krasu,Πίβκα,Пивка,ピフカ",2088,6257
8989873,SI,,,46.13371,15.41395,,,,,Dobje pri Planini,Gorica pri Dobjem,Gorica pri Dobjem,41,3224
3186469,SI,,,46.08823,15.17284,,,,,Zidani Most,Zidani Most,"Steinbruck,Steinbrück,Zidani Most,Zidanij Most,ji da ni mo si te,Зидани Мост,Зиданий Мост,濟達尼莫斯特",284,1432
3190022,SI,,,45.67218,14.83975,,,,,Stara Cerkev,Stara Cerkev,"Stara Cerkev,Stari Cerkev",309,1332
3193489,SI,,,46.58,15.72778,,,,,Pernica,Pernica,"Pernica,Sveta Marjeta",416,2231
3195417,SI,,,46.68639,16.19778,,,,,Martjanci,Martjanci,"Martijanci,Martjanci,Martonhely,Mártonhely",539,9221
3192063,SI,,,46.34444,14.17444,,,,,Radovljica,Radovljica,"Gmina Radovljica,Obcina Radovljica,Občina Radovljica,Radmannsdorf,Radovlica,Radovlicja,Radovljica,radovuritsu~a,Радовлиця,Радовљица,ラドヴリツァ",5940,4240
3338862,SI,,,46.09167,15.33667,,,,,Jurklošter,Jurklošter,"Jurkloster,Jurklošter",86,3273
3195214,SI,,,45.64722,15.31417,,,,,Metlika,Metlika,"Metlika,Mottling,Möttling,Obcina Metlika,Občina Metlika,metorika,メトリカ",3273,8330
3196281,SI,,,46.01667,14.36667,,,,,Log pri Brezovici,Log pri Brezovici,"Log,Log pri Brezovici",1634,1358
3199747,SI,,,45.61667,15.25,,,,,Gradac,Gradac,Gradac,410,8332
3190718,SI,,,45.56639,13.79944,,,,,Škofije,Zgornje Škofije,"Albaro Vescova,Albaro Vescová,Skofija,Skofije,Skoflje,Zgornje Skofije,Zgornje Škofije,Škofija,Škofije,Škoflje",917,6281
3191029,SI,,,46.21722,15.3975,,,,,Šentjur,Šentjur,"Gmina Sentjur,Gmina Šentjur,Obcina Sentjur,Občina Šentjur,Sankt Georgen,Sent Jurij,Sentjur,Sentjur pri Celju,Shentjur,Sveti Juraj,Sveti Jurij,Sveti Jurij pri Celju,cai lie fu jin shen te you er,shntywr,shyntjwr,syenchuleupeulichellyu,Šent Jurij,Šentjur,Šentjur pri Celju,Шентюр,Шентјур,شنتیور,شينتجور,シェントユル・プリ・ツェリュ,采列附近申特尤爾,셴추르프리첼류",4762,3230
3193087,SI,,,45.86667,15.46667,,,,,Podbočje,Podbočje,"Podbocje,Podbočje,Sveti Kriz,Sveti Križ",314,8312
3214824,SI,,,46.78139,16.16889,,,,,Mačkovci,Mačkovci,"Mackovci,Matyasdomb,Mačkovci,Mátyásdomb",213,9202
3195041,SI,,,45.95528,15.06194,,,,,Mirna,Mirna,"Mirna,mileuna,miruna,Мирна,ミルナ,미르나",1398,8233
3198439,SI,,,46.16722,15.39444,,,,,Kalobje,Kalobje,Kalobje,70,3233
3202709,SI,,,45.79306,14.3625,,,,,Cerknica,Cerknica,"Cerknica,Cerknicja,Circonio,Obcina Cerknica,Občina Cerknica,Zirknitz,cai er ke ni cha,cheleukeunicha,tsrknytsa,tsu~erukunitsu~a,tsyrknytsa,Церкница,Церкниця,تسركنيتسا,تسرکنیتسا,تسیرکنیتسا,ツェルクニツァ,采爾克尼察,체르크니차",3928,1380
3193037,SI,,,45.52917,13.95278,,,,,Podgorje,Podgorje,"Piedimonte del Taiano,Podgorje",162,6216
3339111,SI,,,46.36861,15.90639,,,,,Videm pri Ptuju,Videm pri Ptuju,"Sankt Veit ueber Pettau,Sankt Veit über Pettau,Sveti Vid pri Ptuju,Treun ueber Pettau,Treun über Pettau,Videm,Videm pri Ptuju",471,2284
3188683,SI,,,45.95889,15.19722,,,,,Tržišče,Tržišče,"Trzisce,Tržišče",214,8295
3192764,SI,,,46.06667,14.95,,,,,Polšnik,Polšnik,"Polsnik,Polšnik",100,1272
3199058,SI,,,46.46222,16.14583,,,,,Ivanjkovci,Ivanjkovci,Ivanjkovci,251,2259
3186487,SI,,,46.33028,15.93694,,,,,Zgornji Leskovec,Zgornji Leskovec,"Ober Leskovec,Zgornji Leskovec",157,2285
3191598,SI,,,46.11278,13.67,,,,,Ročinj,Ročinj,"Rocinj,Ronzina,Ročinj",324,5215
3189801,SI,,,46.29,15.71667,,,,,Stoperce,Stoperce,Stoperce,213,2289
3186705,SI,,,46.39167,16.04972,,,,,Zavrč,Zavrč,"Zavrc,Zavrč",77,2283
3188352,SI,,,45.47472,14.86917,,,,,Vas,Vas,Vas,73,1336
3201892,SI,,,46.03333,14.58333,,,,,Ljubljana-Dobrunje,Dobrunje,Dobrunje,0,1261
3188886,SI,,,45.90417,15.02167,,,,,Trebnje,Trebnje,"Praetorium Latobicorum,Trebne,Trebnje,te lei bu nie,teulebeune,torebunye,trbnjh,trbnyh,Требнє,Требње,تربنجه,تربنیه,トレブニェ,特雷布涅,트레브네",3477,8210
3191401,SI,,,46.53944,15.51583,,,,,Ruše,Ruše,"Maria Rast,Obcina Ruse,Občina Ruše,Rose,Roše,Ruse,Ruše,rushe,ルシェ",4503,2342
3195469,SI,,,46.4525,15.73694,,,,,Marjeta na Dravskem polju,Marjeta na Dravskem Polju,"Marjeta,Marjeta na Dravskem Polju,Sveta Marjeta",486,2206
3198671,SI,,,45.50278,14.27167,,,,,Jelšane,Jelšane,"Elsane,Jelsane,Jelšane",325,6254
3196647,SI,,,46.1025,15.51417,,,,,Lesično,Lesično,"Lesicno,Lesično",169,3261
3201817,SI,,,45.75657,15.05917,,,,,Dolenjske Toplice,Dolenjske Toplice,Toplice,797,8350
3190499,SI,,,46.28389,14.89028,,,,,Šmartno ob Dreti,Šmartno ob Dreti,"Smartin ob Dreti,Smartno,Smartno ob Dreti,Šmartin ob Dreti,Šmartno,Šmartno ob Dreti",274,3341
3196842,SI,,,46.83694,16.08333,,,,,Kuzma,Kuzma,"Kuzdoblanje,Kuzma",375,9263
3203443,SI,,,46.56972,15.575,,,,,Bresternica,Bresternica,"Bresternica,Brestrnica",1377,2354
3192524,SI,,,45.60479,14.18344,,,,,Prem,Prem,"Prem,Primano",156,6255
3196307,SI,,,46.52083,16.1975,,,,,Ljutomer,Ljutomer,"Ljutomer,Luttenberg,Obcina Ljutomer,Občina Ljutomer,lywtwmyr,ryutomeru,Љутомер,Лютомер,ليوتومير,リュトメル",3460,9240
3189776,SI,,,46.36361,15.36528,,,,,Stranice,Stranice,"Stranica,Stranice",192,3206
3200582,SI,,,45.955,15.62861,,,,,Globoko,Globoko,Globoko,323,8254
3190216,SI,,,46.38333,14.46667,,,,,Zgornje Jezersko,Spodnje Jezersko,Spodnje Jezersko,96,4206
3199523,SI,,,45.95556,14.65889,,,,,Grosuplje,Grosuplje,"Grosuple,Grosuplje,Opshtina Grosuple,ge luo su pu lie,geulosupeulle,grswplyh,gurosupurye,Гросуплє,Општина Гросупље,گرسوپلیه,グロースプリェ,格羅蘇普列,그로수플레",7098,1290
3186956,SI,,,46.055,15.3675,,,,,Zabukovje,Zabukovje nad Sevnico,"Zabukovje,Zabukovje nad Sevnico",181,8292
3190714,SI,,,46.26792,15.29117,,,,,Škofja vas,Škofja Vas,Bischofsdorf,485,3211
3193027,SI,,,45.52167,14.14611,,,,,Podgrad,Podgrad,"Castelnuovo,Castelnuovo d'Istria,Castelnuovo d’Istria,Podgrad",614,6244
3201253,SI,,,46.58806,15.01917,,,,,Dravograd,Dravograd,"Dravograd,Obcina Dravograd,Občina Dravograd,Spodnji Dravograd,Unter-Drauburg,torabogurato,トラボグラート",3289,2370
3201355,SI,,,46.43667,15.95361,,,,,Dornava,Dornava,"Dornava,Dornova,Obcina Dornava,Občina Dornava,dorunavu~a,ドルナヴァ",1267,2252
3186511,SI,,,46.49183,15.62315,,,,,Hoče,Zgornje Hoče,"Hoce,Hoče,Zgornje Hoce,Zgornje Hoče",676,2311
3204766,SI,,,45.95389,15.58778,,,,,Artiče,Artiče,"Artice,Artiče",312,8253
3186525,SI,,,46.21889,14.03028,,,,,Sorica,Zgornja Sorica,"Sorica,Zgornja Sorica,Zraz",167,4229
3188426,SI,,,46.12,14.83917,,,,,Vače,Vače,"Vace,Vače",361,1252
3192838,SI,,,46.06694,14.31611,,,,,Polhov Gradec,Polhov Gradec,"Billichgratz,Polhov Gradec,Polkhov Gradec,Polkhov Gradec',Полхов Градец,Полхов Градець",617,1355
3197192,SI,,,45.98472,15.18944,,,,,Krmelj,Krmelj,Krmelj,708,8296
3198479,SI,,,46.08333,13.74028,,,,,Kal nad Kanalom,Kal nad Kanalom,"Cal di Canale,Kal,Kal Kanalski",327,5214
3200450,SI,,,46.33333,14.33333,,,,,Golnik,Golnik,Golnik,1063,4204
3192962,SI,,,46.29523,14.25573,,,,,Podnart,Podnart,Podnart,354,4244
3187485,SI,,,46.18987,14.49492,,,,,Vodice,Vodice,Woditz,1589,1217
3197147,SI,,,45.95915,15.49167,,,,,Krško,Krško,"Gmina Krsko,Gmina Krško,Gurkfeld,Krshko,Krskas,Krsko,Krushko,Krškas,Krško,Obcina Krsko,Občina Krško,ke er shen ke,keuleusyuko,krshkw,krskw,kurushuko,qrsqw,Кршко,Кръшко,קרשקו,كرشكو,کرسکو,کرشکو,クルシュコ,克爾什科,크르슈코",7097,8270
3196760,SI,,,46.15463,15.23555,,,,,Laško,Laško,"Gmina Lasko,Gmina Laško,Lashko,Laski Trg,Lasko,Laški Trg,Laško,Obcina Lasko,Občina Laško,Tueffer,Tüffer,la shen ke,rashuko,Лашко,לאשקו,ラーシュコ,拉什科",3456,3270
3198003,SI,,,45.62454,14.2448,,,,,Knežak,Knežak,"Fontana del Conte,Grafenbrunn,Knezak,Knežak",486,6253
3216508,SI,,,45.97139,13.64944,,,,,Solkan,Solkan,Solkan,3324,5250
3202070,SI,,,46.05307,13.61382,,,,,Deskle,Deskle,"Descla,Deskle",1279,5210
3193320,SI,,,46.0031,15.6459,,,,,Pišece,Pišece,"Piscchalz,Pisece,Pišece",345,8255
3197539,SI,,,46.52139,14.98694,,,,,Kotlje,Kotlje,"Kotle,Kotlje",1026,2394
3198165,SI,,,46.40361,15.79111,,,,,Kidričevo,Kidričevo,"Kidricevo,Kidrichevo,Kidričevo,Strnisce,Strnišče,Кидричево",1253,2325
3200519,SI,,,45.95778,14.09361,,,,,Godovič,Godovič,"Godovic,Godovici,Godovitsch,Godovič",704,5275
3200874,SI,,,46.54389,15.44722,,,,,Fala,Fala,"Faal,Fala",0,2343
3194871,SI,,,46.68313,16.2208,,,,,Moravske Toplice,Moravske Toplice,"Moravci,Moravske-Toplice",735,9226
3197148,SI,,,45.9,15.56667,,,,,Krška vas,Krška Vas,"Krska Vas,Krška Vas",555,8262
3201994,SI,,,46.15194,14.62861,,,,,Dob,Dob,Dob,1563,1233
3186450,SI,,,46.04222,14.10722,,,,,Žiri,Žiri,"Sairach,Ziri,Žiri",3588,4226
3187575,SI,,,46.5275,15.93944,,,,,Vitomarci,Vitomarci,Vitomarci,329,2255
3190150,SI,,,46.39417,16.26806,,,,,Središče ob Dravi,Središče ob Dravi,"Sredisce,Sredisce ob Dravi,Središče,Središče ob Dravi",1124,2277
3200307,SI,,,46.41472,16.01389,,,,,Gorišnica,Gorišnica,"Gorisnica,Gorišnica",788,2272
3192796,SI,,,46.06667,14.58333,,,,,Ljubljana Polje,Polje,"Devica Marija V Polju,Ljubljana-Polje,Polje",0,1260
3194452,SI,,,45.95604,13.64837,,,,,Nova Gorica,Nova Gorica,"Gnove Gurize,Gorad Nova-Goryca,Gorica,Goritia Nova,Nova Gorica,Nova Goricja,Nova Nkoritsa,Nova-Gorica,Nuova Gorizia,nobagolicha,nova gorica,nova-goritsa,nwa grytsa,nwbh gwryzh,nwfa jwrytsa,nwwa gwryka,nwwa gwrytsa,nx wa kx rit sa,xin ge li cha,Νόβα Γκόριτσα,Горад Нова-Горыца,Нова Горица,Нова Гориця,Нова-Горица,נובה גוריצה,نوا گریتسا,نوفا جوريتسا,نووا گوریتسا,نووا گوریکا,นอวากอรีตซา,ნოვა-გორიცა,ノヴァ・ゴリツァ,新戈里察,노바고리차",13178,5600
3194452,SI,,,45.95604,13.64837,,,,,Nova Gorica - dostava,Nova Gorica,"Gnove Gurize,Gorad Nova-Goryca,Gorica,Goritia Nova,Nova Gorica,Nova Goricja,Nova Nkoritsa,Nova-Gorica,Nuova Gorizia,nobagolicha,nova gorica,nova-goritsa,nwa grytsa,nwbh gwryzh,nwfa jwrytsa,nwwa gwryka,nwwa gwrytsa,nx wa kx rit sa,xin ge li cha,Νόβα Γκόριτσα,Горад Нова-Горыца,Нова Горица,Нова Гориця,Нова-Горица,נובה גוריצה,نوا گریتسا,نوفا جوريتسا,نووا گوریتسا,نووا گوریکا,นอวากอรีตซา,ნოვა-გორიცა,ノヴァ・ゴリツァ,新戈里察,노바고리차",13178,5000
3343539,SI,,,45.79694,13.97139,,,,,Podnanos,Podnanos,"Podnanos,Sentvid,Šentvid",395,5272
3198365,SI,,,46.22587,14.61207,,,,,Kamnik,Kamnik,"Kamnik,Kamnikas,Lithopolis,Stein,ka mu ni ke,kamnikeu,kamnyk,kamuniku,kha mnik,Камник,كامنيك,کامنیک,คามนิก,კამნიკი,カムニーク,卡姆尼克,캄니크",13644,1241
3202710,SI,,,45.88343,15.5128,,,,,Cerklje ob Krki,Cerklje ob Krki,"Cerklje,Cerklje ob Krki",232,8263
3186514,SI,,,46.37962,14.06937,,,,,Zgornje Gorje,Zgornje Gorje,Zgornje Gorje,500,4247
3201849,SI,,,45.70611,14.75444,,,,,Dolenja vas,Dolenja Vas,"Dolenja,Dolenja Vas",731,1331
3191064,SI,,,45.93028,13.74361,,,,,Šempas,Šempas,"Sambasso,Schonpals,Schönpals,Sempas,Šempas",1146,5261
3188181,SI,,,46.57194,16.34694,,,,,Velika Polana,Velika Polana,"Nagypalina,Palina,Velika Polana",929,9225
3192762,SI,,,46.28333,15.06667,,,,,Polzela,Polzela,"Obcina Polzela,Občina Polzela,Polzela,poruzera,ポルゼラ",2380,3313
3201978,SI,,,46.11306,15.05722,,,,,Dobovec,Dobovec,Dobovec,170,1423
3190247,SI,,,46.03194,14.02722,,,,,Spodnja Idrija,Spodnja Idrija,"Idria di Sotto,Spodnja Idrija,Unteridria",1501,5281
3190534,SI,,,46.39278,15.57444,,,,,Slovenska Bistrica,Slovenska Bistrica,"Slovenska Bistrica,Windisch-Feistritz,スロヴェンスカ・ビストリツァ",7454,2310
3204296,SI,,,46.60861,15.88833,,,,,Benedikt,Benedikt,"Benedicki Vrh,Benedikt,Benedikt v Slovenskih Goricah",955,2234
3189917,SI,,,46.46583,15.76722,,,,,Starše,Starše,"Sankt Johann an Drau-Felde,Sent Janz,Starse,Starše,Sveti Janez na Dravskom Polju,Šent Janž",803,2205
3197462,SI,,,45.61,13.93556,,,,,Kozina,Kozina,"Cosina,Cosina d'Istria,Cosina d’Istria,Kozina",544,6240
3199338,SI,,,45.93028,14.14222,,,,,Hotedršica,Hotedršica,"Hotederschitz,Hotedersica,Hotederšica,Hotedrsica,Hotedršica,Ravnik pri Hotedrsici,Ravnik pri Hotedršici",598,1372
3203550,SI,,,46.28972,15.03889,,,,,Braslovče,Braslovče,"Braslovce,Braslovče,Male Braslovce,Male Braslovče,Obcina Braslovce,Občina Braslovče,burasurofuche,ブラスロフチェ",383,3314
3339120,SI,,,46.38222,15.37917,,,,,Zreče,Zreče,,2935,3214
3196282,SI,,,46.40194,13.59694,,,,,Log pod Mangartom,Log pod Mangartom,"Bretto di Sotto,Log,Log pod Mangartom",137,5231
3187237,SI,,,45.65713,14.03014,,,,,Vremski Britof,Vremski Britof,"Britof,Cave Auremiane,Vremski Britof",52,6217
3193751,SI,,,46.58694,15.39889,,,,,Ožbalt,Ožbalt,"Ozbald,Ozbalt,Ožbald,Ožbalt,Sent Ozbolt,Sveti Ozbalt,Sveti Ozbolt,Sveti Ožbalt,Sveti Ožbolt,Šent Ozbolt",264,2361
3198354,SI,,,46.08861,13.63972,,,,,Kanal,Kanal,"Canale,Canale d'Isonzo,Canale d’Isonzo,Kanal",1269,5213
3199365,SI,,,46.50265,15.57303,,,,,Pohorje,Hočko Pohorje,Pohorje,469,2208
3202760,SI,,,46.17917,14.94444,,,,,Čemšenik,Čemšenik,"Cemsenik,Čemšenik",230,1413
3191509,SI,,,45.98528,14.1775,,,,,Rovte,Rovte,Rovte,915,1373
3202019,SI,,,45.68472,13.97028,,,,,Divača,Divača,"Divaca,Divaccia,Divazza,Divača,divu~acha,ディヴァーチャ",1357,6215
3194792,SI,,,46.33944,14.96333,,,,,Mozirje,Mozirje,"Mozirje,Obcina Mozirje,Občina Mozirje,Prassberg,mojirye,モジリェ",2085,3330
3201896,SI,,,45.99639,13.52639,,,,,Dobrovo v Brdih,Dobrovo,"Castel Dobra,Dobrovo,Dobrovo v Brdih",368,5212
3202781,SI,,,46.23092,15.26044,,,,,Celje,Celje,"Cel'e,Cele,Celeia,Celje,Celle,Celė,Cilli,Gorad Cehle,Tsel'e,Tselie,cai lie,chelle,se leiy,tselie,tslyh,tslyy,tsu~erye,zlyh,Τσέλιε,Горад Цэле,Целе,Целле,Цельє,Целје,Цеље,צליה,تسليي,تسلیه,تسیلیے,سیلیے,เซเลีย,ცელიე,ツェリェ,采列,첼레",37520,"3505,3600,3502"
3190296,SI,,,46.08639,14.04361,,,,,Sovodenj,Sovodenj,"Sovoden,Sovodenj",166,4225
8989024,SI,,,46.70055,15.80288,,,,,Sladki Vrh,Novi Vrh,Novi Vrh,22,2214
3194213,SI,,,46.58667,16.28028,,,,,Odranci,Odranci,"Adorjanfalva,Adorjanhaza,Adorjánfalva,Adorjánháza,Obcina Odranci,Občina Odranci,Odrance,Odranci,odorantsu~i,オドランツィ",1693,9233
3195011,SI,,,46.44141,15.20027,,,,,Mislinja,Mislinja,"Mislinja,Mislinje,Missling,Velika Mislinja",1945,2382
3197442,SI,,,46.075,15.56028,,,,,Kozje,Kozje,"Drachenburg,Kozje",669,3260
3199078,SI,,,45.93833,14.80444,,,,,Ivančna Gorica,Ivančna Gorica,"Hudo,Ivancna Gorica,Ivančna Gorica,Obcina Ivancna Gorica,Občina Ivančna Gorica,イヴァンチュナ・ゴリツァ",1988,1295
3196768,SI,,,46.34667,15.59472,,,,,Laporje,Laporje,Laporje,398,2318
3197582,SI,,,45.845,13.64167,,,,,Kostanjevica na Krasu,Kostanjevica na Krasu,"Castagnevizza,Kostanjevica,Kostanjevica na Krasu,Landstrass,Landstraß",348,5296
3190493,SI,,,46.29453,15.24314,,,,,Šmartno v Rožni dolini,Šmartno v Rožni Dolini,"Smartin v Rozni Dolini,Smartno,Šmartin v Rožni Dolini,Šmartno",279,3201
3197943,SI,,,45.64333,14.86333,,,,,Kočevje,Kočevje,"Gmina Kocevje,Gmina Kočevje,Gottschee,Koceve,Kocevje,Kochev'e,Kocheve,Kotsebie,Kočevje,Kočevė,Obcina Kocevje,Občina Kočevje,Opcina Kocevje,Općina Kočevje,ke qie wei,khx chewye,kochebe,kochevje,kochevu~ie,kochevu~i~e,Κοτσέβιε,Кочеве,Кочевье,Кочевє,Кочевје,คอเชวเย,コチェーヴィェ,コチェーヴィエ,科切維,코체베",8672,1330
3199580,SI,,,45.99861,13.67389,,,,,Grgar,Grgar,"Gargaro,Gegar,Grgar",772,5251
3186533,SI,,,46.42556,15.61222,,,,,Zgornja Polskava,Zgornja Polskava,Zgornja Polskava,1208,2314
3187448,SI,,,46.29333,15.30333,,,,,Vojnik,Vojnik,Vojnik,2292,3212
3191037,SI,,,46.01139,15.16722,,,,,Šentjanž,Šentjanž,"Johannisthal,Sent Janez,Sentjanz,Šent Janez,Šentjanž",394,8297
3194403,SI,,,45.77167,14.50583,,,,,Nova vas,Nova Vas,Nova Vas,299,1385
6956374,SI,,,46.18625,15.49325,,,,,Sveti Štefan,Sveti Štefan,,139,3264
3191033,SI,,,45.84,15.33611,,,,,Šentjernej,Šentjernej,"Obcina Sentjernej,Občina Šentjernej,Sankt Bartlmae,Sankt Bartlmä,Sent Jernej,Sentjernej,shentoi~erunyei,Šent Jernej,Šentjernej,シェントイェルニェイ",1423,8310
3197378,SI,,,46.23887,14.35561,,,,,Kranj - dostava,Kranj,"Cragni,Krainburg,Kran',Kranj,kurani,Крань,クラーニ",36874,4000
3197378,SI,,,46.23887,14.35561,,,,,Kranj,Kranj,"Cragni,Krainburg,Kran',Kranj,kurani,Крань,クラーニ",36874,"4502,4600"
3197378,SI,,,46.23887,14.35561,,,,,Kranj - poštni predali,Kranj,"Cragni,Krainburg,Kran',Kranj,kurani,Крань,クラーニ",36874,4001
3200197,SI,,,46.67333,15.99222,,,,,Gornja Radgona,Gornja Radgona,"Gorna Radgona,Gornja Radgona,Radgona,Regede,ghrnya radghna,goleunyaladeugona,grnya radgna,shang la de ge na,Горня Радгона,Горња Радгона,غرنيا رادغنا,گرنیا رادگنا,ゴルニャ・ラドゴナ,上拉德戈納,고르냐라드고나",3159,9250
3192230,SI,,,46.70667,16.15639,,,,,Puconci,Puconci,"Battyand,Battyánd,Puconci,Pusonci",638,9201
3193033,SI,,,46.47194,15.08361,,,,,Podgorje pri Slovenj Gradcu,Podgorje,"Podgorje,Podgorje pri Slovenj Gradcu",946,2381
3338870,SI,,,46.24611,15.57639,,,,,Podplat,Podplat,Podplat,111,3241
3192488,SI,,,45.73033,14.18622,,,,,Prestranek,Prestranek,"Prestane,Prestrane",708,6258
3193253,SI,,,46.11139,15.40944,,,,,Planina pri Sevnici,Planina pri Sevnici,"Planina,Planina pri Sevnici",378,3225
3200817,SI,,,46.33056,15.31444,,,,,Frankolovo,Frankolovo,Frankolovo,307,3213
3203819,SI,,,46.67611,16.28389,,,,,Bogojina,Bogojina,"Bagolina,Bagonya,Bogojina,Bogolina",537,9222
3191578,SI,,,46.22944,15.70028,,,,,Rogatec,Rogatec,"Rogatec,Rohitsch",1558,3252
3192023,SI,,,45.92972,15.38417,,,,,Raka,Raka,"Raka,Raku",311,8274
3196152,SI,,,46.38333,15.51667,,,,,Zgornja Ložnica,Zgornja Ložnica,,366,2316
3197581,SI,,,45.84611,15.42222,,,,,Kostanjevica na Krki,Kostanjevica na Krki,"Kostanevica na Krki,Kostanevicja-na-Krki,Kostanjevica na Krki,Kostanjevica ob Krki,Kostanjevjca,Landstrass,Landstraß,ke si ta nie wei cha,koseutanebichanakeuleuki,kstanywytsa na krky,kwstanywytsa na krky,Костанєвиця-на-Кркі,Костањевица на Крки,كوستانيويتسا نا كركي,کستانیویتسا نا کرکی,コンスタニェヴィツァ・ナ・クルキ,科斯塔涅維察,코스타네비차나크르키",695,8311
3189014,SI,,,46.48417,16.08361,,,,,Sveti Tomaž,Sveti Tomaž,"Kostanj,Sveti Tomaz,Sveti Tomaz pri Ormozu,Sveti Tomaž,Sveti Tomaž pri Ormožu,Tomaz,Tomaz pri Ormozu,Tomaž,Tomaž pri Ormožu",284,2258
3190512,SI,,,45.97618,14.61177,,,,,Šmarje-Sap,Šmarje-Sap,"Smarje,Smarje Sap,Šmarje,Šmarje Sap",1492,1293
3191579,SI,,,46.8,16.03333,,,,,Rogašovci,Rogašovci,"Rogacovci,Rogasevci,Rogasovci,Rogačovci,Rogaševci,Rogašovci,Szarvaslak",254,9262
3187663,SI,,,45.95389,14.74528,,,,,Višnja Gora,Višnja Gora,"Vishna Gora,Vishnja Gora,Visnja Gora,Višnja Gora,Weixelburg,fyshynja ghra,wyshnya gra,Вишня Гора,Вишња Гора,فيشينجا غرا,ویشنیا گرا",1000,1294
3190510,SI,,,46.22722,15.51917,,,,,Šmarje pri Jelšah,Šmarje pri Jelšah,"Shmare,Smarije,Smarje,Smarje pri Jelsah,Šmarje,Šmarje pri Jelšah",1779,3240
3195202,SI,,,46.52139,14.85444,,,,,Mežica,Mežica,"Mezica,Mežica",3254,2392
3198316,SI,,,45.93333,15.68333,,,,,Kapele,Kapele,Kapele,239,8258
3217102,SI,,,46.31278,15.28556,,,,,Nova Cerkev,Nova Cerkev,Nova Cerkev,457,3203
3186888,SI,,,45.86139,14.83417,,,,,Zagradec,Zagradec,Zagradec,113,1303
3190722,SI,,,45.90667,15.29139,,,,,Škocjan,Škocjan,"Skocijan,Skocjan,Škocijan,Škocjan",246,8275
3197842,SI,,,45.81528,13.74833,,,,,Komen,Komen,"Comen,Comeno,Komen",650,6223
3200416,SI,,,46.25278,15.04222,,,,,Gomilsko,Gomilsko,Gomilsko,348,3303
3203563,SI,,,45.85722,13.78417,,,,,Branik,Branik,"Branik,Reifenberg,Rifembergo,Rihemberk",960,5295
3190500,SI,,,46.44417,15.53944,,,,,Šmartno na Pohorju,Šmartno na Pohorju,"Smartin na Pohorju,Smartno,Smartno na Pohorju,Šmartin na Pohorju,Šmartno,Šmartno na Pohorju",173,2315
3196270,SI,,,46.0575,15.20722,,,,,Loka pri Zidanem Mostu,Loka pri Zidanem Mostu,"Loka,Loka pri Zidanem Mostu",486,1434
3192802,SI,,,46.31194,15.57917,,,,,Poljčane,Poljčane,"Poljcane,Poljčane",1153,2319
3197924,SI,,,46.00917,13.57972,,,,,Kojsko,Kojsko,"Kojsko,Santa Croce",276,5211
3190080,SI,,,45.98333,15.6,,,,,Sromlje,Sromlje,"Sromle,Sromlje",139,8256
3202459,SI,,,46.47045,14.85009,,,,,Črna na Koroškem,Črna na Koroškem,"Crna,Crna na Koroskem,Črna,Črna na Koroškem",2409,2393
3188606,SI,,,46.62778,16.32028,,,,,Turnišče,Turnišče,"Bantornya,Bántornya,Turnisce,Turnischa,Turnišče",1509,9224
3189940,SI,,,45.71484,14.47097,,,,,Stari trg pri Ložu,Stari Trg pri Ložu,"Altenmarkt,Stari Trg",864,1386
3215438,SI,,,46.52889,16.05583,,,,,Mala Nedelja,Mala Nedelja,Mala Nedelja,100,9243
3186994,SI,,,46.19861,14.33306,,,,,Žabnica,Žabnica,"Zabnica,Žabnica",332,4209
3187020,SI,,,46.59639,15.16722,,,,,Vuzenica,Vuzenica,Vuzenica,1580,2367
3192139,SI,,,46.64201,16.03781,,,,,Radenci,Radenci,"Obcina Radenci,Občina Radenci,Radein,Radenci,Radinci,radentsu~i,ラデンツィ",2201,"9502,9252"
3194804,SI,,,46.21528,14.89111,,,,,Motnik,Motnik,"Motnik,Mottnig,Möttnig",168,1221
3199249,SI,,,45.76056,14.10639,,,,,Hruševje,Hruševje,"Cruscevie,Hrusevje,Hruševje",248,6225
3200385,SI,,,45.78,15.07278,,,,,Straža,Straža,"Gorenja Straza,Gorenja Straža,Gornja Straza,Gornja Straža,Ober-Strascha,Straza,Straža",1996,8351
3218364,SI,,,46.12556,13.98167,,,,,Cerkno,Cerkno,"Cerkno,Circhina",1596,5282
3188688,SI,,,46.36357,14.31046,,,,,Tržič,Tržič,"Neumarktl,Trsic,Tršič",3865,4290
3197929,SI,,,46.47167,16.25083,,,,,Kog,Kog,"Kog,Veliki Kog",232,2276
3193463,SI,,,46.60694,15.67667,,,,,Pesnica pri Mariboru,Pesnica pri Mariboru,"Pesnica,Pesnica pri Maribor,Pesnica pri Mariboru,Possnitz-Hofen,Pössnitz-Hofen",913,2211
3195161,SI,,,46.46,16.21361,,,,,Miklavž pri Ormožu,Miklavž pri Ormožu,"Miklarz,Miklarž,Miklavz pri Ormozu,Miklavž pri Ormožu,Sveti Miklavz,Sveti Miklavž",256,2275
3196722,SI,,,46.21944,14.76111,,,,,Laze v Tuhinju,Laze v Tuhinju,"Laze,Laze v Tuhinju",278,1219
3191756,SI,,,46.31667,14.91667,,,,,Rečica ob Savinji,Rečica ob Savinji,"Recica,Recica ob Savinji,Rečica,Rečica ob Savinji",489,3332
3196049,SI,,,46.16988,14.69179,,,,,Lukovica,Lukovica pri Domžalah,"Lukomitz,Lukovica,Lukovica pri Domzalah,Lukovica pri Domžalah,Lukowitz,Obcina Lukovica,Občina Lukovica,rukovu~itsu~a,ルコヴィツァ",419,1225
3202434,SI,,,45.91056,13.77667,,,,,Črniče,Črniče,"Cernizza Goriziana,Crnice,Črniče",426,5262
3188200,SI,,,46.41778,16.10972,,,,,Velika Nedelja,Velika Nedelja,"Grossentag,Soseska,Velika Nedelja,Velike Nedelje",305,2274
3193930,SI,,,45.52914,14.69838,,,,,Osilnica,Osilnica,"Osilnica,Oslinica",87,1337
3203677,SI,,,45.91583,14.36306,,,,,Borovnica,Borovnica,"Borovnica,Borovnicja,bo luo fu ni cha,bolobeunicha,borovunitsu~a,bwrwwnytsa  bwrwwnytsa,Боровница,Боровниця,بوروونیتسا، بوروونیتسا,ボロヴニツァ,博羅夫尼察,보로브니차",2162,1353
3191678,SI,,,46.535,15.27278,,,,,Ribnica na Pohorju,Ribnica na Pohorju,"Ribnica,Ribnica na Pohorju",443,2364
3192673,SI,,,45.77435,14.21528,,,,,Postojna,Postojna,"Adelsberg,Postojna,Postumia,Postumia Grotte,Postumija,Postúmia,posutoina,ポストイナ",9183,6230
3194904,SI,,,45.93417,15.14083,,,,,Mokronog,Mokronog,"Mokronog,Nassenfuss,Nassenfuß",637,8230
3202058,SI,,,46.49254,15.87893,,,,,Destrnik,Destrnik,"Desternik,Destrnik,Obcina Destrnik,Občina Destrnik,Sveti Urban,desutoruniku,デストルニク",172,2253
3189798,SI,,,46.22083,15.31389,,,,,Štore,Štore,"Obcina Store,Občina Štore,Store,shutore,Štore,シュトレ",1937,3220
3192840,SI,,,46.47457,16.00309,,,,,Polenšak,Polenšak,"Polensak,Polenšak",171,2257
6956381,SI,,,45.97173,14.91038,,,,,Primskovo,Primskovo,,30,1276
3199948,SI,,,46.80528,16.2225,,,,,Petrovci,Gornji Petrovci,"Gornji Petrovci,Peterhegy,Petrovci,Péterhegy",419,9203
3188915,SI,,,46.155,15.05333,,,,,Trbovlje,Trbovlje,"Obcina Trbovlje,Občina Trbovlje,Trbovlje,torubovurye,トルボヴリェ",15163,1420
3204041,SI,,,46.55722,15.51444,,,,,Bistrica ob Dravi,Bistrica pri Rušah,"Bistrica,Bistrica pri Rusah,Bistrica pri Rušah",0,2345
3190474,SI,,,46.16417,14.4325,,,,,Smlednik,Smlednik,Smlednik,500,1216
3195883,SI,,,46.31722,15.66722,,,,,Makole,Makole,Makole,250,2321
3201979,SI,,,45.89716,15.66371,,,,,Dobova,Dobova,Dobova,744,8257
6956379,SI,,,45.86242,15.22188,,,,,Šmarješke Toplice,Šmarješke Toplice,,582,8220
3197753,SI,,,45.54694,13.72944,,,,,Koper/Capodistria - poštni predali,Koper,"Capodistria,Grad Kopar,Kopar,Koper,Koperis,koperu,Копер,コペル",24996,6001
3197753,SI,,,45.54694,13.72944,,,,,Koper,Koper,"Capodistria,Grad Kopar,Kopar,Koper,Koperis,koperu,Копер,コペル",24996,"6502,6503,6501,6504,6600,6505"
3199162,SI,,,45.96028,14.52889,,,,,Ig,Ig,"Ig,Ig pri Ljubljana,Ig-Studenec,Iggdorf,Studenec-Ig",2262,1292
3202425,SI,,,45.55,13.88,,,,,Črni Kal,Črni Kal,"Crni Kal,San Sergio,Črni Kal",207,6275
3200016,SI,,,46.29528,14.80833,,,,,Gornji Grad,Gornji Grad,"Gornji Grad,Oberburg in Steiermark",1048,3342
3190311,SI,,,46.38,15.04861,,,,,Šoštanj,Šoštanj,"Schonstein,Schönstein,Sostanj,Sostanj Mesto,Šoštanj",2880,3325
3196425,SI,,,46.05861,14.8225,,,,,Litija,Litija,"Gmina Litija,Litija,Littai,Obcina Litija,Občina Litija,Opcina Litija,Općina Litija,li di ya,lytya,ritiya,Лития,Литија,Літія,لیتیا,ლიტია,リティヤ,利蒂亞",6467,1270
3199667,SI,,,45.76917,14.42222,,,,,Grahovo,Grahovo,Grahovo,482,1384
3201958,SI,,,45.88389,13.84528,,,,,Dobravlje,Dobravlje,"Dobraule,Dobravlje",435,5263
3189632,SI,,,45.96667,15.35,,,,,Studenec,Studenec,Studenec,172,8293
3200933,SI,,,45.75806,13.83222,,,,,Dutovlje,Dutovlje,"Dotovlje,Dutovlje,Duttigliano,Duttogliano,Duttoule",715,6221
3203919,SI,,,46.4,14.1,,,,,Blejska Dobrava,Blejska Dobrava,"Blejska Dobrava,Dobrava",962,4273
3187336,SI,,,46.24389,14.95139,,,,,Vransko,Vransko,"Franz,Vransko",778,3305
3187813,SI,,,45.85,14.69417,,,,,Videm-Dobrepolje,Videm,"Videm,Videm  Dobrepolje,Widem",577,1312
3195250,SI,,,46.16694,14.575,,,,,Mengeš,Mengeš,"Menges,Mengeš,Mengus,Menguš",6112,1234
3203338,SI,,,46.03333,14.4,,,,,Brezovica pri Ljubljani,Brezovica pri Ljubljani,"Brezovica,Brezovica pri Ljubljani",2862,1351
3192021,SI,,,45.81333,14.31111,,,,,Rakek,Rakek,"Racche,Rakek",2152,1381
3197983,SI,,,46.24761,13.57907,,,,,Kobarid,Kobarid,"Caporeto,Caporett,Caporetto,Cjauret,Cjaurêt,Gmina Kobarid,Karfreit,Kobarid,Obcina Kobarid,Občina Kobarid,Opcina Kobarid,Općina Kobarid,kbaryd,ke ba li de,kobalideu,kobarido,kwbaryd,Кобарид,Кобарід,كوباريد,کبارید,コバリード,科巴里德,코바리드",1121,5222
3343505,SI,,,45.505,13.87694,,,,,Gračišče,Gračišče,"Gracisce,Gračišče",185,6272
3199243,SI,,,46.445,14.01778,,,,,Hrušica,Hrušica,"Hrusica,Hrušica",1722,4276
3192813,SI,,,46.12099,14.18622,,,,,Poljane nad Škofjo Loko,Poljane nad Škofjo Loko,"Poljane,Poljane nad Skofjo Loko,Poljane nad Škofjo Loko",429,4223
8987325,SI,,,45.93955,14.547,,,,,Draga,Draga,Draga,174,1319
3203965,SI,,,46.17694,14.80722,,,,,Blagovica,Blagovica,Blagovica,123,1223
3187736,SI,,,45.46015,15.25396,,,,,Vinica,Vinica,Vinica,241,8344
3193401,SI,,,46.24167,15.19,,,,,Petrovče,Petrovče,"Petrovce,Petrovče",973,3301
3201262,SI,,,46.27361,15.39472,,,,,Dramlje,Dramlje,Dramlje,405,3222
3203445,SI,,,45.99529,15.4775,,,,,Brestanica,Brestanica,"Rajhenberg,Rajhenburg,Reichenburg",993,8280
3192357,SI,,,46.19667,15.59611,,,,,Pristava pri Mestinju,Pristava pri Mestinju,"Pristava,Pristava pri Mestinju",210,3253
6956378,SI,,,45.76944,15.20967,,,,,Stopiče,Stopiče,,445,8322
3192239,SI,,,46.355,15.76,,,,,Ptujska Gora,Ptujska Gora,Ptujska Gora,381,2323
3192682,SI,,,45.51429,13.59206,,,,,Portorož/Portorose,Portorož,"POW,Portorose,Portoroz,Portorozh,Portorož,bo er tuo luo,bwrtwrwz,Порторож,بورتوروز,波爾托羅",2947,6320
3191072,SI,,,45.64611,15.18222,,,,,Semič,Semič,"Semic,Semitsch,Semič",2000,8333
3194595,SI,,,46.27278,14.31722,,,,,Naklo,Naklo,"Naklas,Naklo",1716,"4501,4202"
3191237,SI,,,46.08984,14.89037,,,,,Sava,Sava,Sava,260,1282
3192989,SI,,,46.07139,15.02861,,,,,Podkum,Podkum,"Podkum,Sent Jurij,Sveti Jurij,Sveti Jurij pod Kumon,Šent Jurij",224,1414
3202711,SI,,,46.25417,14.48861,,,,,Cerklje na Gorenjskem,Cerklje na Gorenjskem,"Cerklje,Cerklje na Gorenjskem,Zirklach",1608,4207
3193075,SI,,,46.15694,15.59861,,,,,Podčetrtek,Podčetrtek,"Obcina Podcetrtek,Občina Podčetrtek,Opshtina Podchetrtek,Podcetrtek,Podčetrtek,potchetoruteku,Општина Подчетртек,ポッチェトルテク",528,3254
3195036,SI,,,45.86028,15.08333,,,,,Mirna Peč,Mirna Peč,"Mirna Pec,Mirna Peč,Obcina Mirna Pec,Občina Mirna Peč,ミルナ・ペチ",990,8216
3195162,SI,,,46.50583,15.69722,,,,,Miklavž na Dravskem polju,Miklavž na Dravskem Polju,"Miklavz,Miklavz na Dravskem Polju,Miklavž,Miklavž na Dravskem Polju,Sveti Miklavz,Sveti Miklavž",3854,2204
3199171,SI,,,46.00278,14.03056,,,,,Idrija,Idrija,"Idria,Idrija",5955,5280
3187840,SI,,,46.58361,16.16528,,,,,Veržej,Veržej,"Verzej,Veržej",903,9241
3202877,SI,,,46.72083,16.0225,,,,,Cankova,Cankova,"Cankova,Kaltenbrunn,Obcina Cankova,Občina Cankova,Vashidegkut,Vashidegkút,chankoba,tsankwwa,tsu~ankovu~a,Цанкова,تسانکووا,ツァンコヴァ,찬코바",446,9261
3204303,SI,,,46.60528,16.24056,,,,,Beltinci,Beltinci,"Belatinc,Belatincz,Beltinci,Obcina Beltinci,Občina Beltinci,beltinci,berutintsu~i,Белтинци,ベルティンツィ",2394,9231
3199131,SI,,,45.56757,14.24571,,,,,Ilirska Bistrica,Ilirska Bistrica,"Bisterza,Ilirska Bistrica,Illyrisch Feistritz,Obcina Ilirska Bistrica,Občina Ilirska Bistrica,Villa del Nevoso,イリルスカ・ビストリツァ",4553,6250
3202844,SI,,,45.88944,15.6025,,,,,Čatež ob Savi,Čatež ob Savi,"Catez,Catez ob Savi,Čatež,Čatež ob Savi",319,8251
3188767,SI,,,46.52019,15.88657,,,,,Trnovska vas,Trnovska Vas,"Sankt Wolfgang in Windischbueheln,Sankt Wolfgang in Windischbüheln,Trnovska Ves",367,2254
3191019,SI,,,45.95004,14.84344,,,,,Šentvid pri Stični,Šentvid pri Stični,"Sentvid,Sentvid Pri Sticni,Sentvid pri Sticni,Šentvid,Šentvid Pri Stični,Šentvid pri Stični",1002,1296
3197232,SI,,,46.34278,14.30139,,,,,Križe,Križe,"Feistritz,Krize,Krize na Gor,Križe,Križe na Gor",898,4294
3197941,SI,,,45.57639,14.79694,,,,,Kočevska Reka,Kočevska Reka,"Kocevska Reka,Korevska Reka,Kočevska Reka,Kořevska Reka",272,1338
3190515,SI,,,45.50139,13.71778,,,,,Šmarje,Šmarje,"Monte di Capodistria,Smarje,Smarje pri Kopru,Šmarje,Šmarje pri Kopru",784,6274
3195898,SI,,,46.35167,15.73361,,,,,Majšperk,Majšperk,"Majsperk,Majšperk,Obcina Majsperk,Občina Majšperk,maishuperuku,マイシュペルク",637,2322
3199297,SI,,,46.14611,15.08139,,,,,Hrastnik,Hrastnik,"Hrastnigg,Hrastnik,Khrastnik,Храстник",5621,1430
3343527,SI,,,45.53944,13.79611,,,,,Pobegi,Pobegi,Pobegi,1228,6276
3190391,SI,,,45.76111,14.63556,,,,,Sodražica,Sodražica,"Soarazica,Soaražica,Soderschitz,Sodrazica,Sodrazice,Sodražica,Sodražice",832,1317
3195379,SI,,,45.58139,13.99667,,,,,Materija,Materija,"Materia,Materija,Matteria",66,6242
6956380,SI,,,46.67921,15.65324,,,,,Šentilj v Slovenskih goricah,Šentilj v Slovenskih goricah,,0,2212
3198531,SI,,,46.48472,15.97139,,,,,Juršinci,Juršinci,"Jursinci,Juršinci,Obcina Jursinci,Občina Juršinci,yurushintsu~i,ユルシンツィ",314,2256
3187078,SI,,,46.59472,15.2375,,,,,Vuhred,Vuhred,"Vuhred,Wuchern",782,2365
3193081,SI,,,46.21,13.96444,,,,,Podbrdo,Podbrdo,"Piedicolle,Podbrdo",695,5243
3201927,SI,,,46.3375,15.22639,,,,,Dobrna,Dobrna,"Doberna,Dobrna,Dobrno",548,3204
3198366,SI,,,46.57444,15.61417,,,,,Kamnica,Kamnica,Kamnica,1638,2351
3191685,SI,,,45.73861,14.7275,,,,,Ribnica,Ribnica,"Reifnitz,Ribnica",3604,1310
3190039,SI,,,45.82333,13.84361,,,,,Štanjel,Štanjel,"San Daniel,San Daniele del Carso,Stanjel,Štanjel",349,6222
3199558,SI,,,46.22944,15.15056,,,,,Griže,Griže,"Grize,Griže",654,3302
3203963,SI,,,45.98333,15.4,,,,,Blanca,Blanca,,246,8283
3199538,SI,,,46.21167,15.44472,,,,,Grobelno,Grobelno,Grobelno,0,3231
3192560,SI,,,46.3025,14.42306,,,,,Preddvor,Preddvor,"Hoflein,Höflein,Preddvor,Predvor",837,4205
3196652,SI,,,46.36111,14.15778,,,,,Lesce,Lesce,"Lees,Lesc,Lesce",2835,4248
3186548,SI,,,46.26667,14.28333,,,,,Zgornja Besnica,Zgornja Besnica,Zgornja Besnica,789,4201
3188756,SI,,,46.18833,14.88306,,,,,Trojane,Trojane,"Trojana,Trojane",107,1222
3192917,SI,,,46.04139,15.59056,,,,,Podsreda,Podsreda,Podsreda,191,3257
3196642,SI,,,45.93566,15.47184,,,,,Leskovec pri Krškem,Leskovec pri Krškem,"Huselbach,Leskovec,Leskovec pri Krskem,Leskovec pri Krškem,Leskovec'-pri-Krshkem,Лесковець-при-Кршкем",1021,8273
3189038,SI,,,46.18304,13.73321,,,,,Tolmin,Tolmin,"Obcina Tolmin,Občina Tolmin,Talmina,Tolmin,Tolmino,torumin,Толмин,トールミン",3534,5220
3186844,SI,,,46.25151,15.16482,,,,,Žalec,Žalec,"Obcina Zalec,Občina Žalec,Zalec,jaretsu,Žalec,ジャレツ",4943,3310
3191059,SI,,,46.24556,14.41972,,,,,Šenčur,Šenčur,"Sencur,Šenčur",3152,4208
3203629,SI,,,46.01444,15.2825,,,,,Boštanj,Boštanj,"Bostanj,Boštanj",312,8294
8358612,SI,,,46.31757,14.94674,,,,,Nazarje,Nazarje,"Hodosch,Nazarje,Orihodos,Őrihodos",872,3331
3191044,SI,,,46.02361,15.47694,,,,,Senovo,Senovo,Senovo,2343,8281
3192296,SI,,,46.74083,16.3175,,,,,Prosenjakovci/Partosfalva,Prosenjakovci,"Berkovci,Fokovci,Partosfalva,Prosenjakovci,Prosenjakovici,Prosenjakovići,Pártosfalva,Ratkalak,Ratkovci,Rátkalak",178,9207
3187606,SI,,,46.27111,14.41806,,,,,Visoko,Visoko,Visoko,877,4212
3187706,SI,,,45.84667,13.96306,,,,,Vipava,Vipava,"Obcina Vipava,Občina Vipava,Vipacco,Vipava,Vippaco,vu~ipavu~a,Випава,ヴィパーヴァ",1771,5271
3191638,SI,,,46.1226,15.1919,,,,,Rimske Toplice,Rimske Toplice,"Rimske Toplice,Romerbad,Römerbad",778,3272
3188618,SI,,,45.87889,14.61528,,,,,Turjak,Turjak,"Auersperg,Turjak",189,1311
3203166,SI,,,46.10795,15.57009,,,,,Buče,Buče,"Buce,Buče",157,3255
6956382,SI,,,46.47008,15.66856,,,,,Orehova vas,Orehova Vas,,427,2312
3188920,SI,,,46.60278,15.1075,,,,,Trbonje,Trbonje,Trbonje,235,2371
3339143,SI,,,46.55417,15.70278,,,,,Malečnik,Malečnik,"Malecnik,Malečnik",553,2229
8986988,SI,,,46.17143,15.3494,,,,,Šentrupert,Šentrupert,"Sentrupert,Šentrupert",377,"3271,8232"
3192098,SI,,,46.17361,14.61222,,,,,Radomlje,Radomlje,Radomlje,1674,1235
3194246,SI,,,45.5425,14.08694,,,,,Obrov,Obrov,"Obrov,Obrovo,Obrovo Santa Maria",198,6243
3196166,SI,,,46.37361,15.77917,,,,,Lovrenc na Dravskem polju,Lovrenc na Dravskem Polju,"Lovrenc,Lovrenc na Dravskem Polju,Sveti Lovrenc",664,2324
3202674,SI,,,46.69917,15.66917,,,,,Ceršak,Ceršak,"Cersak,Ceršak",708,2215
3202739,SI,,,46.04944,13.79694,,,,,Čepovan,Čepovan,"Cepovan,Chiapovano,Čepovan",348,5253
3203808,SI,,,46.27216,13.9535,,,,,Bohinjska Bistrica,Bohinjska Bistrica,"Bokhin'ska-Bystrica,Wochein Feistritz,Бохиньска-Быстрица",1799,4264
3203925,SI,,,46.36917,14.11361,,,,,Bled,Bled,"Bled,Bledas,Obcina Bled,Občina Bled,Veldes,beulledeu,bld,bld  aslwwny,blyd,blyt,bu lai de,bureddo,Блед,בלד,بلد، اسلوونی,بليد,بلیت,ブレッド,布莱德,블레드",5181,4260
3193965,SI,,,46.41139,16.15444,,,,,Ormož,Ormož,"Friedau,Ormob,Ormos,Ormoz,Ormoš,Ormož",2174,2270
3191043,SI,,,45.72111,14.04111,,,,,Senožeče,Senožeče,"Senosecchia,Senosetsch,Senosécchia,Senozece,Senožeče",610,6224
3191605,SI,,,45.84861,14.57222,,,,,Rob,Rob,Rob,84,1314
3192570,SI,,,46.23694,15.0925,,,,,Prebold,Prebold,"Obcina Prebold,Občina Prebold,Prebold,pureborudo,プレボルド",1709,3312
3196611,SI,,,46.62,14.94972,,,,,Libeliče,Libeliče,"Libelice,Libeliče",205,2372
6956392,SI,,,46.03535,15.54033,,,,,Koprivnica,Koprivnica,,142,8282
3188901,SI,,,45.91667,15.15,,,,,Trebelno,Trebelno,Trebelno,99,8231
3199383,SI,,,45.76556,14.88222,,,,,Hinje,Hinje,Hinje,70,8362
6956393,SI,,,46.20484,14.53839,,,,,Komenda,Komenda,,881,1218
3187598,SI,,,46.38167,15.29583,,,,,Vitanje,Vitanje,"Vitanje,Weitenstein",865,3205
3189075,SI,,,46.35917,15.11028,,,,,Velenje,Velenje,"Belenie,Mestna obcina Velenje,Mestna občina Velenje,Titovo Velenje,Velen'e,Velenje,Wollan,Wöllan,bellenye,vu~erenie,Βέλενιε,Веленье,ヴェレニエ,벨레녜",25456,"3504,3503"
3190945,SI,,,45.70924,13.87333,,,,,Sežana,Sežana,"Gmina Sezana,Gmina Sežana,Sesana,Sexana,Sezana,Sezhana,Sežana,sai zha na,sejana,syjana,szhana,Сежана,سيجانا,سژانا,セジャーナ,塞扎纳,세자나",5531,6210
3192986,SI,,,46.33528,15.88,,,,,Podlehnik,Podlehnik,"Podhlenik,Podlehnik",388,2286
3186524,SI,,,46.67528,15.76917,,,,,Zgornja Velka,Zgornja Velka,Zgornja Velka,821,2213
3191133,SI,,,46.22444,14.20556,,,,,Selca,Selca,"Selca,Selce,Selzach",666,4227
3191580,SI,,,46.2375,15.63972,,,,,Rogaška Slatina,Rogaška Slatina,"Hohitsch Sauerbrunn,Obcina Rogaska Slatina,Občina Rogaška Slatina,Rogaska Slatina,Rogaška Slatina,ロガーシュカ・スラティナ",5111,3250
3192504,SI,,,45.95694,14.41889,,,,,Preserje,Preserje,Preserje,336,1352
3188209,SI,,,45.92889,14.96778,,,,,Velika Loka,Velika Loka,Velika Loka,239,8212
3188769,SI,,,45.97417,13.74333,,,,,Trnovo pri Gorici,Trnovo,"Tarnova,Tarnova della Selva,Ternova,Trnovo,Trnovo pri Gorici",359,5252
3190360,SI,,,46.41944,14.69361,,,,,Solčava,Solčava,"Solcava,Solčava,Sulzbach",214,3335
3201926,SI,,,45.875,14.98,,,,,Dobrnič,Dobrnič,"Dobrnic,Dobrnice,Dobrnič,Dobrniče",97,8211
3192144,SI,,,46.06806,15.18389,,,,,Radeče,Radeče,"Obcina Radece,Občina Radeče,Radece,Radeče,radeche,ラデチェ",2168,1433
3190494,SI,,,46.48944,15.10667,,,,,Šmartno pri Slovenj Gradcu,Šmartno pri Slovenj Gradcu,"Smartin,Smartno,Smartno pri Slovenj Gradcu,Smartno pri Slovenjem Gradcu,Šmartin,Šmartno,Šmartno pri Slovenj Gradcu,Šmartno pri Slovenjem Gradcu",1250,2383
3203396,SI,,,46.32897,14.23229,,,,,Brezje,Brezje,"Brezje na Gorenjskem,Brezje pri Radovljici",513,4243
3190495,SI,,,46.04444,14.84417,,,,,Šmartno pri Litiji,Šmartno pri Litiji,"Sankt Martin,Smartin,Smartno,Smartno pri Litiji,Smartno pri Litui,Šmartin,Šmartno,Šmartno pri Litiji,Šmartno pri Litui",1444,1275
3196165,SI,,,46.54056,15.39306,,,,,Lovrenc na Pohorju,Lovrenc na Pohorju,"Lovrenc na Pohorju,Saint Larenzen,Sveti Lovrenc",1977,2344
3195054,SI,,,45.89556,13.6075,,,,,Miren,Miren,"Merna,Miren",1460,5291
3203611,SI,,,46.33808,13.55245,,,,,Bovec,Bovec,"Ampletium,Bovec,Bovecas,Flitsch,Gmina Bovec,Obcina Bovec,Občina Bovec,Plezzo,bo wei ci,bobecheu,bovu~etsu,bwts  aslwwny,bwwyts,bwwytsh,Бовец,بوتس، اسلوونی,بوويتش,بوویتس,ボヴェツ,博韋茨,보베츠",1631,5230
3218907,SI,,,45.91444,14.22583,,,,,Logatec,Logatec,"Logatec,Obcina Logatec,Občina Logatec,rogatetsu,ロガテツ",8942,"1370,1371"
3194462,SI,,,45.9875,14.39889,,,,,Notranje Gorice,Notranje Gorice,Notranje Gorice,1645,1357
6956384,SI,,,46.34408,15.99472,,,,,Cirkulane,Cirkulane,,434,2282
3199765,SI,,,46.8,16.1,,,,,Grad,Grad,"Felsolendva,Felsőlendva,Gornja Lendava,Grad,Kruplivnik,Oberlimbach,Oberlimpach,Vaskopard,Vaskopárd",686,9264
3191184,SI,,,45.47667,13.62333,,,,,Sečovlje/Sicciole,Sečovlje,"Secovlje,Sempeter,Sečovlje,Sicciole,Sicole,Sičole,Šempeter",773,6333
