952199,ZA,,,-34.36853,21.42083,,,,,Stilbaai,Stilbaai-Oos,"Stilbaai-Oos,Stilbaaistrand,Still Bay East,Still Bay Strand",0,6674
998082,ZA,,,-25.40892,28.287,,,,,Hammanskraal,Hammanskraal,Hammanskraal,0,"0404,0400,0407,0413,0431,0435,0417,0426,0402,0434,0429,0432,0414,0427"
1006852,ZA,,,-29.73661,25.9364,,,,,Edenburg,Edenburg,Edenburg,0,9908
1023319,ZA,,,-33.31905,26.09139,,,,,Alicedale,Alicedale,,0,6135
3367513,ZA,,,-34.15152,19.01509,,,,,Grabouw,Grabouw,Grabouw,29885,"7180,7171,7160"
7302802,ZA,,,-33.96333,18.47639,,,,,Rondebosch,Rondebosch,Rondebosch,15158,7700
945094,ZA,,,-25.80584,28.14943,,,,,Valhalla,Valhalla,,0,0185
1005125,ZA,,,-26.53333,29.98333,,,,,Ermelo,Ermelo,"Ehrmelo,Ermelo,ai er mo luo,Эрмело,埃爾默洛",41124,"2340,2357,2339,2333,2337,2352,2356,2336,2351,2355,2332,2334,2330,2353,2370,2341"
937136,ZA,,,-25.53695,26.07512,,,,,Zeerust,Zeerust,Zeerust,17708,"2867,2874,2876,2865,2887,2889,2890,2891,2881,2885,2882,2886,2851,2888,2895,2883,2884"
966134,ZA,,,-33.44064,25.9741,,,,,Paterson,Paterson,,0,"6130,6131"
962330,ZA,,,-29.87196,30.27235,,,,,Richmond,Richmond,Richmond,32445,"3781,3782,3780,7090"
979520,ZA,,,-28.3,23.01667,,,,,Mancorp Mine,Mancorp Mine,,0,8423
985011,ZA,,,-31.70312,27.2329,,,,,Lady Frere,Lady Frere,,25041,"5412,5416,5419,5411,5414,5417,5341,5415,5418,5410"
993568,ZA,,,-27.4296,32.06658,,,,,Jozini,Jozini,,0,"3986,3982,3984,3987,3983,3985,3989"
1015776,ZA,,,-34.53215,20.04031,,,,,Bredasdorp,Bredasdorp,"Bredasdorp,bu lei da si duo pu,Бредасдорп,布雷達斯多普",14936,"7282,7281,7285,7283,7287"
3368254,ZA,,,-33.84159,18.65179,,,,,Durbanville,Durbanville,"D'Urban,Durbanville,D’Urban",0,7550
3370147,ZA,,,-33.94481,18.62701,,,,,Belhar,Belhar,Belhar,0,"7493,7504"
980219,ZA,,,-30.00672,26.97388,,,,,Maidstone,Maidstone,,0,4399
986134,ZA,,,-27.4524,23.43246,,,,,Kuruman,Kuruman,"KMH,Kuruman,khuru man,ku lu man,Куруман,คุรุมาน,庫魯曼",9093,"8470,8461,8466,8468,8460"
944531,ZA,,,-26.31401,26.82223,,,,,Ventersdorp,Ventersdorp,Ventersdorp,0,"2710,2712"
3362557,ZA,,,-33.92136,18.60908,,,,,Ravensmead,Ravensmead,,0,7493
956001,ZA,,,-24.0397,30.27274,,,,,Shiluvane,Shiluvane,"Shilobane,Shiluvane",0,0873
985609,ZA,,,-28.59827,32.0894,,,,,Kwambonambi,KwaMbonambi,,0,3915
996930,ZA,,,-26.15881,29.71528,,,,,Hendrina,Hendrina,Hendrina,15871,1098
1013081,ZA,,,-28.73933,29.82582,,,,,Colenso,Colenso,Colenso,0,3360
1105773,ZA,,,-25.7935,28.3,,,,,Garsfontein,Garsfontein,Garsfontein,0,"0042,0081"
937246,ZA,,,-30.30225,27.08395,,,,,Zastron,Zastron,Zastron,12449,"9945,9951,9950"
940296,ZA,,,-29.82554,30.937,,,,,Westville,Westville,Westville,0,"3635,3629,3631,3634"
996223,ZA,,,-29.5272,27.14472,,,,,Hobhouse,Hobhouse,Hobhouse,0,9740
11282121,ZA,,,-29.97389,30.92972,,,,,Isipingo,Isipingo Rail,,0,"4133,4153,4066,4113,4111,4110"
3362001,ZA,,,-33.89572,18.49011,,,,,Rugby,Rugby,,0,7405
947739,ZA,,,-31.30781,28.75541,,,,,Tsolo,Tsolo,,0,"5170,5174,5171"
1022808,ZA,,,-30.67621,30.50681,,,,,Anerley,Anerley,,0,4230
1023098,ZA,,,-26.30854,28.13224,,,,,Alrode,Alrode,Alrode,0,"1451,1428,1484"
3361077,ZA,,,-34.07442,18.47023,,,,,Steenberg,Steenberg,Steenberg,0,7945
959018,ZA,,,-30.41827,26.83656,,,,,Rouxville,Rouxville,Rouxville,0,9958
994320,ZA,,,-29.92692,30.98616,,,,,Jacobs,Jacobs,Jacobs,0,4109
963516,ZA,,,-31.89756,26.87533,,,,,Queenstown,Queenstown,"EKomani,Kuinstaun,Kvinstaun,Queenstown,UTW,kun shi dui,Квинстаун,Куинстаун,昆士敦",105309,"5319,5321,5330,5320,5328,5322"
989173,ZA,,,-33.01907,24.34077,,,,,Klipplaat,Klipplaat,,0,6255
1005779,ZA,,,-31.96292,28.68401,,,,,Elliotdale,Elliotdale,"Elliotdale,Xhora",0,"5070,5075,5118,5073,5072"
943032,ZA,,,-27.36541,29.88175,,,,,Volksrust,Volksrust,"Volkrust,Volksrust",43378,"2491,2465,2470,2471"
956878,ZA,,,-30.28666,30.75316,,,,,Scottburgh,Scottburgh,"Scottburg,Scottburgh,Scottsburgh",23949,"4181,4185,4180,4186,4184,4183,4182"
996072,ZA,,,-31.65349,25.80366,,,,,Hofmeyr,Hofmeyr,Hofmeyr,0,5930
980576,ZA,,,-30.6068,27.31486,,,,,Magadla,Magadla,,0,"4752,4753,4751"
1006138,ZA,,,-29.31667,29.7,,,,,Elandskop,Elandskop,,0,3226
3359094,ZA,,,-33.41403,19.20052,,,,,Wolseley,Wolseley,Wolseley,0,6830
970133,ZA,,,-27.90968,31.64817,,,,,Nongoma,Nongoma,Nongoma,0,"3836,3866,3938"
993911,ZA,,,-34.05045,24.90768,,,,,Jeffreys Bay,Jeffrey’s Bay,"Jeffrey's Bay,Jeffreysbaai,Jeffrey’s Bay",11698,6332
974611,ZA,,,-33.78664,20.12106,,,,,Montagu,Montagu,Montagu,15176,6720
11475810,ZA,,,-33.68398,18.97337,,,,,Mbekweni,Mbekweni,,0,7655
942851,ZA,,,-25.8,28.11667,,,,,Voortrekkerhoogte,Voortrekkerhoogte,"Roberts Heights,Voortrekker,Voortrekkerhoogte,Voortrekkers",0,0187
1014489,ZA,,,-32.33083,28.14981,,,,,Butterworth,Butterworth,"Battervorta,Butterworth,Gcuwa,UTE,Баттерворта",34353,"4961,4968,4960,5013,4963"
7506857,ZA,,,-33.97846,18.4481,,,,,Newlands,Newlands,Newlands,5343,7700
951650,ZA,,,-32.57076,27.42396,,,,,Stutterheim,Stutterheim,Stutterheim,35510,"4934,4935,4930"
1023645,ZA,,,-32.29952,24.55361,,,,,Adendorp,Adendorp,,0,6282
980767,ZA,,,-27.74548,30.03596,,,,,Madadeni,Madadeni,Madadeni,0,"2957,2951"
1020568,ZA,,,-26.70755,27.87772,,,,,Bedworth Park,Bedworth Park,,0,1940
952301,ZA,,,-31.55714,26.55417,,,,,Sterkstroom,Sterkstroom,Sterkstroom,0,5425
1006984,ZA,,,-33.01529,27.91162,,,,,East London,East London,"Buffalo City,ELS,EMonti,East London,Gorad Ist-Londan,Ist-London,Istochni London,Iztochen London,Londinium Orientale,Oos Londen,Oos-Londen,Orient-Londono,Tung Lun-tun,Tûng Lùn-tûn,Yst Londonas,ayst lndn,dong lun dui,iseuteuleondeon,ista landana,Іст-Лондон,Горад Іст-Лондан,Източен Лондон,Ист-Лондон,Источни Лондон,איסט לונדון,إيست لندن,ایسٹ لندن,ईस्ट लंडन,イースト・ロンドン,東倫敦,이스트런던",478676,"5220,5208,5210,5217,5211,5213,5260,5288,5209,5206,5292,5241,5218,5253,5212,5214,5204,5265,5207,5201,5688,5264,5216,5275,5284,5252,5259,5205,5247,5219,5272"
979089,ZA,,,-29.15878,31.06705,,,,,Mapumulo,Mapumulo,,0,4470
3368962,ZA,,,-33.37817,18.37938,,,,,Darling,Darling,Darling,0,7351
956162,ZA,,,-26.68415,27.87434,,,,,Sharpeville,Sharpeville,"Sharpeville,Sharpville",0,"1913,1928"
981827,ZA,,,-23.04385,29.90319,,,,,Louis Trichardt,Louis Trichardt,"LCD,Louis Trichardt,Luis-Trichard,lu yi te li ha te,Луис-Тричард,لوئی ٹرشارٹ,ルイス・トリハート,路易特里哈特",86854,"0940,0905,0923,0957,0949,0921,0925,0948,0909,0917,0901,0922,0937,0920,0935,0934,0939,0942,0954,0943,0924,0960"
997718,ZA,,,-26.76566,26.42024,,,,,Hartbeesfontein,Hartbeesfontein,"Hartbeesfontein,Hartebeestfontein",0,2600
1011624,ZA,,,-28.67486,25.76681,,,,,Dealesville,Dealesville,"Dealesville,Dealsville",0,9348
3362714,ZA,,,-33.01816,18.99279,,,,,Porterville,Porterville,Porterville,0,"6812,6811,6810"
3366880,ZA,,,-34.4187,19.23446,,,,,Hermanus,Hermanus,"Hermanus,he er ma nu si,赫爾馬努斯",25153,"7200,7210,7201,7202"
995508,ZA,,,-29.62464,24.08518,,,,,Hopetown,Hopetown,Hopetown,0,"8750,8760,8751"
1008858,ZA,,,-31.372,27.04878,,,,,Dordrecht,Dordrecht,Dordrecht,9123,"5420,5435,5436"
1009687,ZA,,,-26.22342,27.86724,,,,,Dobsonville,Dobsonville,Dobsonville,0,"1863,1865,1874,1723,1875"
1013186,ZA,,,-26.03095,29.17005,,,,,Coalville,Coalville,,0,1033
3360687,ZA,,,-33.81913,18.4881,,,,,Table View,Table View,"Table View,Tableview",0,7441
1011031,ZA,,,-26.1466,28.68322,,,,,Delmas,Delmas,"Del'mas,Delmas,Дельмас",92046,"2210,2211,2213"
3370105,ZA,,,-34.04746,18.4525,,,,,Bergvliet,Bergvliet,Bergvliet,3902,7945
987202,ZA,,,-26.27391,29.2253,,,,,Kriel,Kriel,Kriel,15055,"2276,2272,2271,2231,2275"
1023188,ZA,,,-31.66667,28.03333,,,,,Allen'S Nek,All Saints Nek,"All Saints,All Saints Nek",0,"1737,1709"
3365921,ZA,,,-31.77593,18.62497,,,,,Klawer,Klawer,"Klarer,Klaver,Klawer",0,"8147,8145"
1007632,ZA,,,-26.25,27.91667,,,,,Dube,Dube,,0,1801
1018673,ZA,,,-27.64685,25.60697,,,,,Bloemhof,Bloemhof,Bloemhof,17122,"2660,2661,2662"
1105726,ZA,,,-25.69619,28.74918,,,,,Ekangala,Ekangala,,37650,1021
1002784,ZA,,,-27.04255,23.59242,,,,,Ga-Sehunelo,Ga-Sehunelo,,0,9323
946222,ZA,,,-29.98529,30.70278,,,,,Umbumbulu,Umbumbulu,,0,"4106,4105"
975436,ZA,,,-25.85,25.63333,,,,,Mmabatho,Mmabatho,"MBD,Mabatho,Mbabatho,Mmabatho,Mmabato,Ммабато",76754,2777
997151,ZA,,,-26.50476,28.35921,,,,,Heidelberg,Heidelberg,"Gejdel'berg,Heidelberg,Heidelburg,Гейдельберг",64199,"1441,1440,1444,1443,1442,1439"
941728,ZA,,,-25.77995,28.24259,,,,,Waterkloof,Waterkloof,Waterkloof,0,"0181,0145"
952865,ZA,,,-26.25,28.4,,,,,Springs,Springs,Springs,186394,"1565,1577,1568,1574,1558,1564,1569,1575,1570,1562,1567,1566,1563,1571,1572,1578,1559"
1014650,ZA,,,-24.67554,30.32877,,,,,Burgersfort,Burgersfort,Burgersfort,0,"1085,1160"
3358981,ZA,,,-33.90636,18.49078,,,,,Ysterplaat,Ysterplaat,,0,7405
942511,ZA,,,-26.95659,24.7284,,,,,Vryburg,Vryburg,"Frejburg,Frejburga,VRU,Vryburg,fu lei bao,Фрейбург,Фрейбурга,弗雷堡",49588,"8480,8602,8616,8478,8621,8611,8622,8476,8474,8603,8484,8610,8601,8624,8479,8680,8615"
3366233,ZA,,,-30.20937,17.93385,,,,,Kamieskroon,Kamieskroon,Kamieskroon,0,"8252,8253,8257,8261"
936396,ZA,,,-33.86729,25.56392,,,,,Zwide,Zwide,,0,"6004,6201"
1023656,ZA,,,-32.70747,26.29564,,,,,Adelaide,Adelaide,Adelaide,12212,5760
962994,ZA,,,-29.65301,26.16773,,,,,Reddersburg,Reddersburg,Reddersburg,0,9904
971387,ZA,,,-29.80183,30.88396,,,,,New Germany,New Germany,New Germany,0,"3610,3612"
980232,ZA,,,-24.14581,28.98269,,,,,Mahwelereng,Mahwelereng,Mahwelereng,0,0626
1015969,ZA,,,-28.70008,26.45968,,,,,Brandfort,Brandfort,Brandfort,12091,9400
939676,ZA,,,-33.29265,23.48954,,,,,Willowmore,Willowmore,,7100,"6447,6452,6454,6446,6451"
940186,ZA,,,-32.17588,26.82437,,,,,Whittlesea,Whittlesea,Whittlesea,12080,"5364,5362,5630,5360"
974933,ZA,,,-25.18505,27.26654,,,,,Mogwase,Mogwase,"KwaMogwase,Mogwase",0,0372
976009,ZA,,,-32.81851,26.98812,,,,,Middledrift,Middledrift,,0,5686
994927,ZA,,,-30.11556,30.84849,,,,,Illovo Beach,Illovo Beach,"Illovo,Illovo Beach",0,4126
1010962,ZA,,,-26.8908,28.09707,,,,,Deneysville,Deneysville,"Deneysville,Denysville",12397,1932
976014,ZA,,,-30.05631,26.62619,,,,,Middleburg,Middleburg,,0,1050
977363,ZA,,,-26.2,27.88333,,,,,Meadowlands,Meadowlands,Meadowlands,0,"1801,1853,1803,1852"
953781,ZA,,,-26.26781,27.85849,,,,,Soweto,Soweto,"Mpanzaville,Souehto,Soueto,Sovetas,Soveto,Soweto,sou~eto,soweto,suo wei tuo,swwtw,swytw,Σοβέτο,Совето,Соуэто,סווטו,سويتو,სოვეტო,ソウェト,索韦托,소웨토",1695047,"1803,1804,1808,1809"
971441,ZA,,,-33.89909,25.60341,,,,,New Brighton,New Brighton,"New Brighton,New Brighton Location,New Brighton Village",0,"6200,6202,6201"
988356,ZA,,,-30.54723,29.42412,,,,,Kokstad,Kokstad,Kokstad,25373,"4693,4700,4706,4685,3237,4710"
990930,ZA,,,-28.73226,24.76232,,,,,Kimberley,Kimberley,"Gorad Kimberli,KIM,Kimberley,Kimberli,Kimberlis,Kimburli,jin bo li,kimbarali,kimbeolli,kinbari,kmbrly  shmaly kyp,kymbrly,qymbrly,Горад Кімберлі,Кимберли,Кимбърли,Кімберлі,קימברלי,كيمبرلي,کمبرلی، شمالی کیپ,کمبرلے,کیمبرلی,किम्बरली,キンバリー,金伯利,킴벌리",142089,"8330,8303,8335,8306,8315,8745,8731,8505,8301,8360,8350,8325,8391,8300,8345,8700,8320"
987875,ZA,,,-27.24179,27.57422,,,,,Koppies,Koppies,"Kopjes,Koppies",11445,9540
1010717,ZA,,,-33.80172,25.46284,,,,,Despatch,Despatch,Despatch,0,6220
965581,ZA,,,-29.11597,25.41435,,,,,Petrusburg,Petrusburg,Petrusburg,0,"9932,9936"
1004666,ZA,,,-30.85741,30.3415,,,,,Faerie Glen,Faerie Glen,,0,"0081,0043"
1011825,ZA,,,-26.39888,23.25541,,,,,Darnall,Darnall,,0,4480
946103,ZA,,,-29.96572,30.88639,,,,,Umlazi,Umlazi,Umlazi,0,"4144,4089,4148,4066,4031"
956323,ZA,,,-24.95,28.53333,,,,,Settlers,Settlers,,0,0430
965564,ZA,,,-30.08113,24.6593,,,,,Petrusville,Petrusville,Petrusville,0,8770
997972,ZA,,,-31.06856,24.44252,,,,,Hanover,Hanover,Hanover,0,7005
3369103,ZA,,,-32.59215,19.01516,,,,,Citrusdal,Citrusdal,Citrusdal,0,7340
970480,ZA,,,-28.6207,31.09067,,,,,Nkandla,Nkandla,"Nkandhla,Nkandla",0,"3855,3858,3856,3859"
1010586,ZA,,,-29.58274,26.66511,,,,,Dewetsdorp,Dewetsdorp,Dewetsdorp,0,9940
972162,ZA,,,-23.83119,29.07493,,,,,Naledi,Naledi,,0,1861
973127,ZA,,,-25.00716,29.74007,,,,,Mpudulle,Mpudulle,,0,1078
966862,ZA,,,-29.4,30.85,,,,,Ozwatini,Ozwatini,,0,"3261,3242"
1021086,ZA,,,-25.78842,31.05319,,,,,Barberton,Barberton,"Barberton,ba bo dun,巴伯頓",67927,"1309,1300,1307,1303"
949213,ZA,,,-23.96548,29.69278,,,,,Tholongwe,Tholongwe,,0,0734
3365083,ZA,,,-33.84808,18.71723,,,,,Kraaifontein,Kraaifontein,Kraaifontein,57911,7570
950933,ZA,,,-33.86406,25.6011,,,,,Swartkops,Swartkops,"Swartkops,Zwartkop,Zwartkops",0,6210
1004109,ZA,,,-26.48862,27.49387,,,,,Fochville,Fochville,Fochville,62416,2515
987648,ZA,,,-25.86301,26.89756,,,,,Koster,Koster,Koster,12126,"0369,0348"
11427416,ZA,,,-28.7333,24.7667,,,,,Pescodia,Pescodia,,0,8309
939658,ZA,,,-32.26588,28.50727,,,,,Willowvale,Willowvale,"Gatyana,Willowvale",0,"5040,5043,5041,5042"
1020098,ZA,,,-26.18848,28.32078,,,,,Benoni,Benoni,"Benoni,Бенони,Беноні,Բենոնի",605344,"1502,1506,1524,1514,1501,1522,1526,1509,1520,1508,1505,1516,1525,1518,1511,1515,1527,1503,1517,1504,1507"
3364208,ZA,,,-33.72614,18.44286,,,,,Melkbosstrand,Melkbosstrand,"Melkboschstrand,Melkbosstrand",0,"7441,7440"
7870455,ZA,,,-25.74486,28.22903,,,,,Pretoria,Pretoria East,,0,"0027,0025,0056,0137,0002,0161,0058,0201,0125,0149,0154,0022,0146,0009,0157,0160,0112,0110,0155,0059,0008,0004,0073,0165,0029,0166,0048,0188,0014,0024,0134,0181,0145,0036,0017,0204,0158,0071,0057,0184,0187,0021,0063,0032,0033,0153,0150,0151,0148,0168,0078,0039,0139,0142,0127,0200,0049,0053,0043,0047,0116,0183,0084,0182,0031,0065,0082,0020,0028,0122,0035,0169,0117,0019,0016,0007,0186,0079,0045,0129,0010,0105,0132,0050,0012,0026,0118,0080,0162,0011,0041,0159,0126,0167,0101,0185,0055,0120,0003,0163,0044,0135,0143,0152,0054,0030,0062,0006,0081,0179,0121,0174,0103,0023,0083,0128,0005,0074,0018,0052,0061,0156,0037"
965167,ZA,,,-26.2723,27.90682,,,,,Pimville,Pimville,,0,"1811,1837,1808,1809"
974919,ZA,,,-26.22599,27.69635,,,,,Mohlakeng,Mohlakeng,Mohlakeng,0,"1766,1759"
951271,ZA,,,-32.39435,20.66107,,,,,Sutherland,Sutherland,,0,6920
958208,ZA,,,-26.97,29.20612,,,,,Sakhile,Sakhile,,0,2431
1015694,ZA,,,-26.30176,29.98696,,,,,Breyten,Breyten,"Breyten,Breyton",12550,2330
994858,ZA,,,-26.12015,28.05453,,,,,Inanda,Inanda,,0,"4310,4032,4309"
959121,ZA,,,-29.90002,30.96915,,,,,Rossburgh,Rossburgh,Rossburgh,0,"4094,4146,4072"
994305,ZA,,,-25.63804,26.0698,,,,,Jacobsdal,Jacobsdal,,0,8710
1000006,ZA,,,-29.06415,30.59279,,,,,Greytown,Greytown,Greytown,13912,"3250,3500,3262,3268,3258,3249,3251,3233,3236"
1005470,ZA,,,-31.67611,27.99932,,,,,Engcobo,Engcobo,,0,"5050,5058,5051,5057,5052,5055,5056,5054"
3364682,ZA,,,-33.98735,18.49746,,,,,Lansdowne,Lansdowne,Lansdowne,17399,"7780,7770,7764,7790"
3366939,ZA,,,-34.04765,18.46808,,,,,Heathfield,Heathfield,,0,7945
942470,ZA,,,-27.76952,30.79165,,,,,Vryheid,Vryheid,"VYD,Vryheid",150012,"3107,3105,3150,3002,3114,3120,3145,3116,3100,3103,3115,3183,3102,3184,3106,3111"
969515,ZA,,,-32.20333,27.94279,,,,,Nqamakwe,Nqamakwe,"Ngamakwe,Nqamakwe",0,4992
7289301,ZA,,,-34.13419,18.42484,,,,,Fish Hoek,Fish Hoek,,0,"7975,7990"
944480,ZA,,,-30.77619,25.79923,,,,,Venterstad,Venterstad,Venterstad,0,9798
956375,ZA,,,-23.84664,29.38802,,,,,Seshego,Seshego,"Moletsi,Seshego",0,"0795,0751,0699,0784"
1017354,ZA,,,-24.83599,31.06718,,,,,Bosbokrand,Bosbokrand,"Bosbokrand,Bushbuckridge",0,1286
1003763,ZA,,,-27.27888,28.49696,,,,,Frankfort,Frankfort,,1900,9830
986846,ZA,,,-27.65036,27.23488,,,,,Kroonstad,Kroonstad,"Kroonstad,Krunstad,ke long si ta de,krwnstad,Крунстад,کرونستاد,克龍斯塔德",103992,"9501,9499,9503,9505"
987458,ZA,,,-26.90782,27.88731,,,,,Kragbron,Kragbron,,0,1946
7870390,ZA,,,-26.241,28.13247,,,,,Alberton,Alberton North,,0,"1457,1452,1455,1458,1481,1453,1456,1451,1448,1447,1449,1454"
1001736,ZA,,,-28.17827,30.14702,,,,,Glencoe,Glencoe,Glencoe,13547,2930
1010192,ZA,,,-26.46601,28.22574,,,,,Diepkloof,Diepkloof,,0,"1862,1804"
1023332,ZA,,,-32.78749,26.8344,,,,,Alice,Alice,"Alice,Ehlis,alys  kyp shrqy,Элис,الیس، کیپ شرقی",9788,"5702,5703,5708,5701,5705,5700,5706"
3363094,ZA,,,-33.73378,18.97523,,,,,Paarl,Paarl,"Paarl,pa a er,paru,Паарл,パール,帕阿爾",190000,"7625,7680,7623,7624,7670,7622,7630,7646,7655,7626,7681"
950037,ZA,,,-32.00893,26.25935,,,,,Tarkastad,Tarkastad,Tarkastad,0,5370
970281,ZA,,,-23.40102,28.74586,,,,,Nkwe,Nkwe,,0,0616
1006244,ZA,,,-26.38333,27.86667,,,,,Elandsfontein,Elandsfontein,,0,1429
1014742,ZA,,,-25.11667,28.56667,,,,,Bultfontein,Bultfontein,,0,9670
3367527,ZA,,,-32.15466,18.60319,,,,,Graafwater,Graafwater,Graafwater,0,"8121,8122"
3367573,ZA,,,-33.90492,18.54881,,,,,Goodwood,Goodwood,Goodwood,0,7460
976361,ZA,,,-25.77507,29.46482,,,,,Middelburg,Middelburg,"Middelberg,Middelburg,mi de er bao,Мидделбург,米德爾堡",154706,"1069,1070,1065,1054,5900,1068,1056,1111,1050,1079,1066,1071,1051,1052,1055,1053"
946165,ZA,,,-29.71667,31.06667,,,,,Umhlanga Rocks,Umhlanga,"Umhalnga Rocks,Umhlanga Rocks",0,"4319,4321,4021,4350"
959295,ZA,,,-26.1522,27.99102,,,,,Roosevelt Park,Roosevelt Park,,0,2195
982998,ZA,,,-23.88243,30.39534,,,,,Letsitele,Letsitele,Letsitele,0,"0886,0771,0772,0885,0890"
997861,ZA,,,-30.57643,29.88401,,,,,Harding,Harding,Harding,0,"4680,4643,4681,4688,4683,4684,4687,4689"
3369100,ZA,,,-32.18173,18.89217,,,,,Clanwilliam,Clanwilliam,"Clanwilliam,Clanwillian",0,"8120,8138"
936374,ZA,,,-26.1625,27.8725,,,,,Roodepoort,Roodepoort,"Roodepoort,Roodeport-Maraisburg",225000,"1730,1731,1734,1736,1724,1735,1732,1717,1728,1774,1714,1726,1794,1725,1729,1733"
983065,ZA,,,-26.36737,28.9189,,,,,Leslie,Leslie,,0,2265
3362349,ZA,,,-33.80342,19.88537,,,,,Robertson,Robertson,"ROD,Robertson",27715,"6707,6705"
952249,ZA,,,-31.29565,25.82338,,,,,Steynsburg,Steynsburg,Steynsburg,0,5920
965478,ZA,,,-30.26556,25.27427,,,,,Philippolis,Philippolis,Philippolis,0,9970
1022283,ZA,,,-28.02881,27.85335,,,,,Arlington,Arlington,Arlington,0,9602
965571,ZA,,,-27.64848,28.13064,,,,,Petrus Steyn,Petrus Steyn,Petrus Steyn,0,9640
993993,ZA,,,-32.94306,24.67218,,,,,Jansenville,Jansenville,,0,6265
1019699,ZA,,,-30.53942,21.28451,,,,,Bethulie,Bethulie,Bethulie,0,9992
943960,ZA,,,-27.20841,26.94855,,,,,Viljoenskroon,Viljoenskroon,Viljoenskroon,54955,"9520,9521"
946003,ZA,,,-30.61961,30.54348,,,,,Umzumbe,Umzumbe,Umzumbe,0,"4225,4227"
1007400,ZA,,,-28.16678,30.23371,,,,,Dundee,Dundee,"Dandi,Dundee,Данди",84413,"3004,3003,3081,3000,3017,3006,3016"
1014257,ZA,,,-33.52755,21.6762,,,,,Calitzdorp,Calitzdorp,Calitzdorp,4284,6660
946947,ZA,,,-27.56367,32.0857,,,,,Ubombo,Ubombo,Ubombo,0,3970
3360396,ZA,,,-33.28596,19.14116,,,,,Tulbagh,Tulbagh,Tulbagh,0,"6820,6821"
955313,ZA,,,-25.11319,29.04454,,,,,Siyabuswa,Siyabuswa,Siyabuswa,26236,"0493,1030,0475,0495,0462,0494,0469,0472,0477"
966058,ZA,,,-28.29747,27.95042,,,,,Paul Roux,Paul Roux,Paul Roux,0,9800
1005646,ZA,,,-26.53333,29.06667,,,,,Embalenhle,eMbalenhle,eMbalenhle,141741,2285
991359,ZA,,,-32.50782,28.31789,,,,,Kentani,Kentani,"Centane,Kentani,Kentani Village",0,"4980,4982"
975511,ZA,,,-27.61641,32.03861,,,,,Mkuze,Mkuze,"MZQ,Mkusi,Mkuze,Mkuzi",0,"3966,3975,3972,3980,3967,3974,3979,3976,3965"
1005040,ZA,,,-28.88649,31.4699,,,,,Eshowe,Eshowe,Eshowe,14786,"3817,3814,3816,3820,3815,3830"
965301,ZA,,,-29.61679,30.39278,,,,,Pietermaritzburg,Pietermaritzburg,"Gorad Pitehrmarycburg,Maritzburg,Mokokotlofo,PZB,Petromaritzburgum,Pietermaritsburg,Pietermaritzburg,Pitermaricburg,Pitermaricburgas,Piturmaricburg,bi de ma li ci bao,bytrmarytzbrgh,pi texr ma rits beirk,pitamarittsubagu,pitaramairitsabarga,pitaramaritjhabarga,piteomalicheubeogeu,pytrmarytsbrg,Горад Пітэрмарыцбург,Питермарицбург,Питърмарицбург,Пітермаріцбург,بيترماريتزبرغ,پیترماریتسبرگ,پیٹرماریٹزبرگ,پیٹرومیرٹبرگ,पीटरमारित्झबर्ग,पीटरमैरिट्सबर्ग,ปีเตอร์มาริตซ์เบิร์ก,ピーターマリッツバーグ,彼得马里茨堡,피터마리츠버그",750845,"3202,3209,3213,3245,3220,3231,3204,3215,3210,3200,3201,3217,3296,3206,3292,3211,3221,3208,3295,3214,3226,3225,3216,3219,3254,3294,3293,3207,3235,3203,3205,3276"
973551,ZA,,,-30.80821,29.36644,,,,,Mount Ayliff,Mount Ayliff,"Maxesibeni,Mount Alyff,Mount Ayliff",0,"4737,4736,4735,4738"
958321,ZA,,,-33.82456,25.65644,,,,,George East,Saint George’s Strand,,0,6529
996289,ZA,,,-27.71656,31.00112,,,,,Hlobane,Hlobane,,0,3145
1017619,ZA,,,-33.932,22.02977,,,,,Bonnievale,Bonnievale,,0,"6741,6730"
961152,ZA,,,-34.09345,21.25725,,,,,Riversdale,Riversdale,"Riversdal,Riversdale",16176,"6671,6670"
937945,ZA,,,-24.3,30.51667,,,,,Worcester,Worcester,,0,"6859,6863"
964081,ZA,,,-26.18795,28.16534,,,,,Primrose,Primrose,,0,1401
965401,ZA,,,-28.52423,28.81582,,,,,Phuthaditjhaba,Phuthaditjhaba,"Phutaditjhaba,Phuthaditjhaba",84258,"9866,9869"
971260,ZA,,,-33.94702,25.56534,,,,,Newton Park,Newton Park,Newton Park,0,6045
3360078,ZA,,,-31.60889,18.73968,,,,,Vanrhynsdorp,Vanrhynsdorp,"Van Rhynsdorf,Vanrhynsdorp",0,8170
958441,ZA,,,-25.0999,30.78001,,,,,Sabie,Sabie,Sabie,0,"1260,1290"
1016181,ZA,,,-26.23656,28.36938,,,,,Brakpan,Brakpan,Brakpan,305692,"1545,1544,1550,1548,1553,1547,1540,1546,1552,1549,1542,1554,1541,1543"
1016181,ZA,,,-26.23656,28.36938,,,,,Brakpan North,Brakpan,Brakpan,305692,"1545,1541"
3361142,ZA,,,-29.66434,17.8865,,,,,Springbok,Springbok,"SBU,Springbok,Springbok Fontein,si pu lin bo ke,supuringubokku,Спрингбок,スプリングボック,斯普林博克",10438,"8251,8241,8242,8893,8247,8282,8240"
946257,ZA,,,-28.33523,31.41617,,,,,Ulundi,Ulundi,"Owlundi,ULD,Ulundi,ullundi,urundi,wu lun di,Улунди,Улунді,Ուլունդի,ウルンディ,烏倫迪,울룬디",20753,3838
964078,ZA,,,-33.22476,22.02673,,,,,Prince Albert,Prince Albert,"Prince Albert,Prins Albert",13136,6932
964596,ZA,,,-25.8156,23.52442,,,,,Pomfret,Pomfret,Pomfret,0,"8620,8614,8626,8625,8617,8611,8612,8618"
1000352,ZA,,,-24.93144,30.84191,,,,,Graskop,Graskop,Graskop,0,"1273,1270,1274,1271"
991632,ZA,,,-26.33995,28.157,,,,,Katlehong,Katlehong,Katlehong,0,"1426,1434,1425,1431,1437,1421,1445"
1015304,ZA,,,-26.05211,28.02805,,,,,Bryanston,Bryanston,Bryanston,0,"2189,2021,2060,2191,2077,2052,2165,2069,2057,2072,2196,2055,2056,2152,2128,2031"
3361324,ZA,,,-34.03387,18.48593,,,,,Southfield,Southfield,,0,7800
956098,ZA,,,-30.80064,30.41427,,,,,Shelly Beach,Shelly Beach,,0,"4240,4265"
996236,ZA,,,-24.64528,31.34103,,,,,Hluvukani,Hluvukani,,0,"1363,1362,1364"
1012528,ZA,,,-30.0272,29.83955,,,,,Creighton,Creighton,,0,3263
941923,ZA,,,-29.43184,30.57567,,,,,Wartburg,Wartburg,Wartburg,0,"3234,3233"
941931,ZA,,,-28.11396,24.84753,,,,,Warrenton,Warrenton,Warrenton,17946,"8530,8532"
958746,ZA,,,-25.19861,28.60917,,,,,Rust De Winter,Rust de Winter,,0,0405
998080,ZA,,,-29.80083,30.65196,,,,,Hammarsdale,Hammarsdale,"Hammarsdale,Hammersdale",0,"3699,3705,3700,3701,3680,3710,3690,3730,3720,3670"
3369098,ZA,,,-33.98056,18.46528,,,,,Claremont,Claremont,,14531,"7708,7740"
939521,ZA,,,-28.33333,24.71667,,,,,Windsorton,Windsorton,"Windsorton,Windsorton Dorp,Windsorton Village",0,8510
1011019,ZA,,,-28.41627,24.30582,,,,,Delportshoop,Delportshoop,"Delpoorts Hope,Delport's Hope,Delportshoop,Delport’s Hope",0,8377
3360934,ZA,,,-34.10687,18.82751,,,,,Strand,Strand,Strand,0,"7144,7140,7151"
3364403,ZA,,,-31.55993,18.344,,,,,Lutzville,Lutzville,"Lutzville,Vlermuisklip",0,8149
3370352,ZA,,,-33.56668,18.48335,,,,,Atlantis,Atlantis,"Atlantida,Atlantis,Атлантида",60266,"7358,7348,7353,7354,7304,7349,7350"
943937,ZA,,,-27.03026,28.60061,,,,,Villiers,Villiers,Villiers,11240,9840
955911,ZA,,,-25.46667,31.9,,,,,Shongwe Mission,Shongwe Mission,,0,"1336,1332,1335,1331,1337"
972206,ZA,,,-24.51667,28.71667,,,,,Naboomspruit,Naboomspruit,"Mookgophong,Naboomspruit,Naboomsruit",0,"0562,0580,0561,0560,0564"
975233,ZA,,,-29.94825,30.95039,,,,,Mobeni,Mobeni,Mobeni,0,"4092,4088,4050"
991491,ZA,,,-28.70146,20.96325,,,,,Keimoes,Keimoes,"Gordonia,Keimoes",0,"8860,8861"
941976,ZA,,,-27.85452,28.9653,,,,,Warden,Warden,Warden,0,9890
948542,ZA,,,-26.36667,28.06667,,,,,Tokoza Ext,Tokoza,Tokoza,0,1427
948542,ZA,,,-26.36667,28.06667,,,,,Tokoza,Tokoza,Tokoza,0,"1426,1427"
980322,ZA,,,-28.25856,31.44052,,,,,Mahlabatini,Mahlabatini,"Mahlabatini,Mhlabatini",0,"3856,3865"
1004406,ZA,,,-29.74893,25.31505,,,,,Fauresmith,Fauresmith,Fauresmith,0,9978
1023445,ZA,,,-34.20544,21.58001,,,,,Albertina,Albertina,"Albertina,Albertinia,Albertiniahotel",6372,"6696,6695"
7871283,ZA,,,-34.03445,18.4651,,,,,Diep River,Diep River,Diep River,0,7800
966007,ZA,,,-33.20059,27.11385,,,,,Peddie,Peddie,,0,"5644,6139,5645,5612,5643"
978677,ZA,,,-28.66449,27.43048,,,,,Marquard,Marquard,Marquard,10839,9610
1002884,ZA,,,-22.83715,28.8465,,,,,Raditshaba,Ga-Raditshaba,,0,0718
3364795,ZA,,,-33.09751,18.0315,,,,,Langebaan,Langebaan,"Laangebaan Village,Langebaan",0,7357
3369039,ZA,,,-33.97856,18.50413,,,,,Crawford,Crawford,,0,7764
962604,ZA,,,-31.91667,26.96667,,,,,Retreat,Retreat,"Retreat,The Retreat",0,"7945,7947"
964712,ZA,,,-34.05274,23.3716,,,,,Plettenberg Bay,Plettenberg Bay,"Formosa,PBZ,Plettenberg,Plettenberg Bay,Plettenberg-Bej,Plettenbergbaai,Плеттенберг-Бей",19445,"6605,6606,6604,6600,6602,6603"
968282,ZA,,,-27.94261,22.73621,,,,,Olifantshoek,Olifantshoek,Olifantshoek,0,8450
956232,ZA,,,-29.44931,31.21532,,,,,Shakaskraal,Shakaskraal,"Chakaskraal,Shakaskraal",0,4430
961065,ZA,,,-26.04226,28.05573,,,,,Rivonia,Rivonia,Rivonia,0,"2191,2128"
966137,ZA,,,-33.76007,24.81383,,,,,Patensie,Patensie,"Patensie,Patentie",0,6335
3367877,ZA,,,-33.91075,19.1198,,,,,Franschhoek,Franschhoek,"Franschhoek,Franskhuk,French Hoek,furanshufukku,Франсхук,フランシュフック",0,"7690,7691"
967471,ZA,,,-26.25166,27.92621,,,,,Orlando,Orlando,,0,"1807,1870,1863,1804,1865,1808,1806"
1019264,ZA,,,-30.85907,29.85384,,,,,Bizana,Bizana,,0,"4804,4800,4802,4803"
944120,ZA,,,-29.6434,31.04709,,,,,Verulam,Verulam,Verulam,0,"4340,4343,4344,4319,4339,4345"
1005621,ZA,,,-33.99769,25.55037,,,,,Emerald Hill,Emerald Hill,,0,"6070,6011"
1017780,ZA,,,-26.21197,28.25958,,,,,Boksburg,Boksburg,"Boksburg,Boksburgas,Боксбург,Բոկսբուրգ",445168,"1466,1474,1459,1460,1467,1478,1461,1465,1472,1477,1479,1485,1463,1471,1462,1470,1446,1482,1469,1464"
966012,ZA,,,-32.5822,25.13832,,,,,Pearston,Pearston,Pearston,0,5860
972787,ZA,,,-28.95657,31.75431,,,,,Mtunzini,Mtunzini,"Mtunzini,Umlalazi",0,3867
8063428,ZA,,,-26.40971,27.83678,,,,,Ennerdale,Ennerdale,,0,"1825,1824,1830"
973537,ZA,,,-29.70667,31.0251,,,,,Mount Edgecombe,Mount Edgecombe,Mount Edgecombe,0,"4068,4301,4156"
984962,ZA,,,-33.19495,20.85872,,,,,Laingsburg,Laingsburg,Laingsburg,0,6901
11204662,ZA,,,-34.04225,18.6681,,,,,Khayelitsha,Khayelitsha T3-V5,,0,"7791,7794,7793,7784"
959148,ZA,,,-26.24634,28.0566,,,,,Rosettenville,Rosettenville,Rosettenville,0,2190
1001875,ZA,,,-29.79706,30.79987,,,,,Gillitts,Gillitts,"Gillitts,Gillitts-Emberton",0,3610
1105785,ZA,,,-25.71806,28.33417,,,,,Denneboom,Denneboom,,0,0160
3369174,ZA,,,-31.47069,19.77601,,,,,Calvinia,Calvinia,Calvinia,8146,"8190,8193,8191"
976927,ZA,,,-29.51364,30.23414,,,,,Merrivale,Merrivale,Merrivale,0,"3308,3291,3290"
956907,ZA,,,-27.18871,25.32931,,,,,Schweizer-Reneke,Schweizer-Reneke,"Schweizer-Reineke,Schweizer-Reneke",70214,"2786,2780,2775"
992072,ZA,,,-30.7916,25.8583,,,,,Kareedouw,Kareedouw,,0,6400
996812,ZA,,,-30.61535,27.16408,,,,,Herschel,Herschel,Herschel,0,9756
1005928,ZA,,,-26.29712,27.89784,,,,,Eldoradopark,Eldoradopark,Eldoradopark,0,"1812,1811,1832,1821,1813"
1007311,ZA,,,-29.8579,31.0292,,,,,Durban,Durban,"DUR,Durban,Durbana,Durbanas,Durbano,Durbanum,EThekwini,Gorad Durban,ITheku,Ntermpan,Port Natal,Thekong,daban,darabana,darban,darbana,de ban,de xr ban,deoban,die bin,drbn,durbani,dwrban,dyrban,tarpan,Ντέρμπαν,Горад Дурбан,Дурбан,Дърбан,Դուրբան,דרבן,دوربان,ديربان,ڈربن,डरबन,डर्बन,ਡਰਬਨ,டர்பன்,డర్బన్,ಡರ್ಬನ್,ഡർബൻ,เดอร์บัน,ဒါဘန်မြို့,დურბანი,ደርባን,ダーバン,德班,爹濱,더반",3120282,"4092,4094,4074,4093,4016,4018,4309,4022,4005,4091,4083,4360,4063,4058,4137,4060,4006,4075,4008,4359,4027,4068,4065,4053,4011,4017,4004,4078,4038,4013,4070,4362,4064,4310,4034,4036,4001,3629,4056,4057,4028,4052,4069,3611,4101,4104,4025,4051,4062,4023,4162,4071,4035,4085,4061,4007,4014,4080,4029,4000,4090,4067,4026,4037,4015,3630,4059,4024"
1021040,ZA,,,-28.53537,24.52151,,,,,Barkly West,Barkly West,"Barkly West,Barkly-Wes",11621,"8376,8375,8377"
11256939,ZA,,,-26.58809,27.82742,,,,,Sebokeng,Sebokeng Unit 14,,0,"1907,1981,1980,1983,1984,1914"
964090,ZA,,,-29.66803,22.74251,,,,,Prieska,Prieska,"PRK,Prieska",11236,"8940,8930"
1019760,ZA,,,-26.45794,29.46553,,,,,Bethal,Bethal,Bethal,101919,"2311,2309,2320,2312"
3359736,ZA,,,-31.66833,18.50119,,,,,Vredendal,Vredendal,"VRE,Vredendal",14806,"8146,8207,8151"
963829,ZA,,,-26.12229,28.40405,,,,,Putfontein,Putfontein,Putfontein,0,1513
983038,ZA,,,-23.9,30.06667,,,,,Letaba,Letaba,,0,"0878,0870,0877"
1007514,ZA,,,-23.69339,30.14002,,,,,Duiwelskloof,Duiwelskloof,"Duivelskloof,Duiwelskloof,Duweiskloof",24572,0815
3359741,ZA,,,-32.90719,17.98997,,,,,Vredenburg,Vredenburg,Vredenburg,38382,"7382,7390,7375,7381,7380"
985177,ZA,,,-33.87593,25.57432,,,,,Kwazakhele,KwaZakhele,"KwaZakele,KwaZakhele,Zwa-Zakele",0,6205
946016,ZA,,,-30.26081,29.94022,,,,,Umzimkulu,Umzimkulu,Umzimkulu,0,"3307,3304,3298,3239"
957487,ZA,,,-26.81358,27.81695,,,,,Sasolburg,Sasolburg,Sasolburg,77016,"1948,1946,1949,1947,9580"
968477,ZA,,,-27.87394,26.69072,,,,,Odendaalsrus,Odendaalsrus,"Odendaalrus,Odendaalrust,Odendaals Rust,Odendaalsrus",0,"9480,9483,9476"
3362870,ZA,,,-32.90323,18.75704,,,,,Piketberg,Piketberg,"Piketberg,Piketburg,Piquetberg",0,"8105,7325,8100,8115,7321,7322,7335,8110,7323,7320"
964132,ZA,,,-25.75442,28.16125,,,,,Pretoria West,Pretoria-Wes,"Pretoria West,Pretoria-Wes",0,"0183,0070"
964132,ZA,,,-25.75442,28.16125,,,,,Pretoria-Wes,Pretoria-Wes,"Pretoria West,Pretoria-Wes",0,0183
994804,ZA,,,-31.46667,27.33333,,,,,Indwe,Indwe,,0,5445
948293,ZA,,,-33.33826,20.03092,,,,,Touwsrivier,Touwsrivier,"Touws River,Touwsrivier",0,6880
955874,ZA,,,-22.94438,30.46908,,,,,Sibasa,Sibasa,Sibasa,0,"0979,0976,0969,0993,0995,0955,0975,0906,0989,0970,0977,0988,0971,0980,0994,0907,0996,0972,0973,0968,0974,0926,0990"
984861,ZA,,,-29.94206,30.943,,,,,Lamontville,Lamontville,"Lamont,Lamont Native Village,Lamontville",0,4027
991310,ZA,,,-28.31094,28.7036,,,,,Kestell,Kestell,Kestell,0,9860
1011497,ZA,,,-26.53333,27.93333,,,,,De Deur,De Deur,De Deur,0,1884
3364047,ZA,,,-34.05341,18.62365,,,,,Mitchells Plain,Mitchells Plain,Mitchells Plain,0,"7786,7798,7802,7785,7784,7788,7787"
980703,ZA,,,-25.35397,26.53009,,,,,Madikwe,Madikwe,,0,"2839,2736,2836,2841,2844,2854,2843,2838,2852,2848,2846,2842,2845,2847,2849"
993611,ZA,,,-26.89283,26.60014,,,,,Jouberton,Jouberton,,0,2574
997140,ZA,,,-27.28115,27.9709,,,,,Heilbron,Heilbron,Heilbron,55196,9650
954486,ZA,,,-30.21366,26.5307,,,,,Smithfield,Smithfield,Smithfield,0,9966
981158,ZA,,,-25.09598,30.44393,,,,,Lydenburg,Lydenburg,"Lydenburg,Mashishing,lai deng bao,raidenbagu,Машишинг,ライデンバーグ,萊登堡",21695,"1123,1122,1126,1120"
1015621,ZA,,,-25.63473,27.78022,,,,,Brits,Brits,"Britancy,Brits,bu li ci,Британцы,Бритс,布里茨",122497,"0252,0269,0261,0268,0264,0260,0274,0251,0277,0257,0189,0275,0240,0273,0267,0271,0217,0258,0259,0210,0220,0253,0232,0270,0276,0250,0255,0265"
3364665,ZA,,,-34.07346,18.48657,,,,,Lavender Hill,Lavender Hill,,0,7945
956754,ZA,,,-34.0211,22.8055,,,,,Sedgefield,Sedgefield,Sedgefield,0,6573
964406,ZA,,,-30.74137,30.45499,,,,,Port Shepstone,Port Shepstone,"Port Shepstone,Port-Shepston,xie pu si dui gang,Порт-Шепстон,謝普斯敦港",52793,"4249,4246,4247,4250,4243,4240,4241,4642,4226,4242,4682,4251"
984185,ZA,,,-25.78702,28.10386,,,,,Laudium,Laudium,Laudium,0,0037
994883,ZA,,,-29.60049,29.86561,,,,,Impendle,Impendle,"Impendhle,Impendhle Location,Impendle,Mpendle",0,"3227,3228"
980921,ZA,,,-25.49768,28.10065,,,,,Mabopane,Mabopane,Mabopane,97417,"0193,0190,0192,0207,0211,0214,0194,0212,0213,0191,0219,0197,0199,0198,0218,0215"
1014012,ZA,,,-26.06927,30.11489,,,,,Carolina,Carolina,Carolina,2952,1185
964349,ZA,,,-26.71667,27.1,,,,,Potchefstroom,Potchefstroom,"PCF,Pochefstrum,Potchefstroom,Potchefstrum,bo qie fu si te lu mu,peaccephestrum,pocephastruma,pochefusutorumu,pochepeuseuteulom,Потчефструм,Почефструм,पॉचेफस्ट्रूम,പൊച്ചെഫെസ്ട്രൂം,ポチェフストルーム,波切夫斯特魯姆,포체프스트롬",123669,"2526,2522,2520,2533,2521,2530,2524,2532,2529,2535,2531,2538,2525,2527,2528,2523"
971651,ZA,,,-24.90678,29.76193,,,,,Nebo,Nebo,,0,"1059,1057"
1015504,ZA,,,-25.81015,28.74248,,,,,Bronkhorstspruit,Bronkhorstspruit,"Bronkhorstspruit,Erasmus",27343,"1020,1028,1021,1027,1025,1022,1026,1024"
3367112,ZA,,,-33.98351,18.5706,,,,,Guguletu,Guguletu,Guguletu,0,"7750,7752,7756"
951764,ZA,,,-29.94313,23.676,,,,,Strydenburg,Strydenburg,Strydenburg,0,8765
1007308,ZA,,,-29.80252,31.02367,,,,,Durban North,Durban North,"Durban North,Durban-Noord",0,"4019,4051,4098"
1007308,ZA,,,-29.80252,31.02367,,,,,Durban-Noord,Durban North,"Durban North,Durban-Noord",0,4051
11002808,ZA,,,-33.59403,26.89698,,,,,Port Alfred,Port Alfred,,0,"6170,6171,6173,6172"
3364387,ZA,,,-34.06405,18.76334,,,,,Macassar,Macassar,Macassar,0,7130
964574,ZA,,,-27.37808,31.61904,,,,,Pongola,Pongola,Pongola,0,"3171,3160,3170"
977058,ZA,,,-25.77111,28.30778,,,,,Menlo Park,Menlo Park,Menlo Park,0,"0042,0081,0060,0040"
1004134,ZA,,,-26.17435,27.92564,,,,,Florida,Florida,Florida,0,"1711,2114,1716,1724,1700,1712,1715,1708"
11204284,ZA,,,-26.07529,25.87903,,,,,Itsoseng,Itsoseng Unit 1,,0,"2717,2744"
11257188,ZA,,,-33.93341,18.8439,,,,,Stellenbosch,Stellenbosch Central,,0,"7601,7602,7614,7608,7615,7605,7600,7604,7607,7611,7612,7613,7603"
967476,ZA,,,-26.98023,26.67272,,,,,Orkney,Orkney,"Eastleigh,Orknejskie,Orkney,Оркнейские",145801,"2621,2620,2622,2627,2619,2624,2625,2626"
1023790,ZA,,,-32.47588,24.06525,,,,,Aberdeen,Aberdeen,Aberdeen,0,6270
956767,ZA,,,-26.55,29.16667,,,,,Secunda,Secunda,"Secunda,Sekunda,ZEC,Секунда",20418,"2301,2302,2300"
1020590,ZA,,,-26.17668,28.14216,,,,,Bedfordview,Bedfordview,Bedfordview,0,2007
991478,ZA,,,-32.68248,27.15027,,,,,Keiskammahoek,Keiskammahoek,"Keiskamahoek,Keiskammahoek",0,5680
11204961,ZA,,,-33.97558,18.52306,,,,,Gatesville,Gatesville,,0,"7780,7764"
968442,ZA,,,-26.04877,29.06391,,,,,Ogies,Ogies,"Ogies,Oogies",0,"2232,2233"
3363018,ZA,,,-33.89723,18.59992,,,,,Parow,Parow,Parow,0,"7503,7505,7506,7500,7501"
956529,ZA,,,-29.19994,26.81513,,,,,Selosesha,Selosesha,,0,9783
971016,ZA,,,-31.67315,29.03327,,,,,Ngqeleni,Ngqeleni,,0,"5140,5150"
1020340,ZA,,,-25.68991,30.03504,,,,,Belfast,Belfast,Belfast,11916,"1121,1193,1194,1192,1301,1101,1130,1152,1102,1151,1100"
945945,ZA,,,-28.44776,21.25612,,,,,Upington,Upington,"Apington,UTN,Upington,eopingteon,wu ping tong,Апингтон,烏平通,어핑턴",71373,"8808,8815,8810,8813,8820,8806,8801,8809,8824,8805,8807,8818,8816"
948099,ZA,,,-30.03363,25.78041,,,,,Trompsburg,Trompsburg,Trompsburg,0,9913
942071,ZA,,,-33.97789,25.58355,,,,,Walmer,Walmer,,0,6070
1021046,ZA,,,-30.9683,27.59567,,,,,Barkly East,Barkly East,"Barkley East,Barkly East,Barkly-Oos,dong ba ke li,東巴克利",0,"9786,9787"
983199,ZA,,,-26.32052,27.83564,,,,,Lenasia,Lenasia,Lenasia,0,"1827,1829,1809,1833,1835,1838,1821,1830,1828,1823"
1012726,ZA,,,-23.71667,29.13333,,,,,Cornelia,Cornelia,,0,9850
3370141,ZA,,,-33.90022,18.62847,,,,,Bellville,Bellville,"Bellvill,Bellville,Belville,belavhila,Беллвилл,बेलव्हिल",0,"7539,7530,7540,7537,7533,7538,7532,7536"
951046,ZA,,,-24.93603,27.15838,,,,,Swartklip,Swartklip,,0,"0375,0351"
962847,ZA,,,-27.80138,28.42726,,,,,Reitz,Reitz,Reitz,16637,9810
971534,ZA,,,-25.47448,30.97033,,,,,Nelspruit,Nelspruit,"Mbombela,NLP,Naspoti,Nel'sprjujt,Nelspreyt,Nelsprojt,Nelspruit,mbombela,nei er si pu lei te,nels pirt,nelsapru'ita,nelseupeulu-iteu,nerusupuroito,nlsprwyt,nlspryyt,nylsbrwyt,nylsprwyt,Мбомбела,Нелспройт,Нелспруит,Нельспрюйт,נלספרייט,نلسپرویت,نيلسبرويت,نیلسپرویت,नेल्सप्रूइत,म्बोम्बेला,เนลสไปรต์,ኔልስፕሩዊት,ネルスプロイト,内尔斯普雷特,넬스프루이트",110159,"1132,1208,1201,1220,1207,1222,1224,1302,1281,1204,1241,1334,1350,1212,1349,1223,1203,1200,1295,1213,1209,1288,1205,1248,1304,1206,1211,1249,1218,1202,1355"
979691,ZA,,,-26.20304,28.10165,,,,,Malvern,Malvern,"Malvern,Malvern East",0,"4147,4146"
1014322,ZA,,,-31.52356,27.6952,,,,,Cala,Cala,,0,5455
11203912,ZA,,,-25.999,28.177,,,,,Ivory Park,Ebony Park,,0,"1689,1693"
940316,ZA,,,-26.31905,27.6486,,,,,Westonaria,Westonaria,"Vestonarija,Westonaria,Вестонария",156831,"1787,1782,1786,1789,1780,1784,1785,1781,1772,1788"
988265,ZA,,,-32.57704,27.892,,,,,Komga,Komga,"Komga,Komgha",0,4950
1002917,ZA,,,-26.59613,24.17612,,,,,Ganyesa,Ganyesa,"Ganyesa,Genesa,Genyesa",0,"8623,8582,8604,8587"
3364261,ZA,,,-33.9406,18.57447,,,,,Matroosfontein,Matroosfontein,,0,"7490,7491,7493,7465,7480"
958724,ZA,,,-25.66756,27.24208,,,,,Rustenburg,Rustenburg,"Restenberha,Rjustenburg,Rustemburg,Rustemburgo,Rustenburg,Rustenburgas,lei si teng bao,luseutenbeogeu,rastnbrg,rstnbwrg,rus then beirk,rustenabarga,rusutenburuku,rwstnbrgh,Рустенбург,Рюстенбург,רסטנבורג,راستنبرگ,رسٹنبرگ,روستنبرغ,روسٹنبرگ,रुस्टेनबर्ग,รุสเทนเบิร์ก,ሩስተንበርግ,ルステンブルク,勒斯滕堡,루스텐버그",124064,"0303,0330,0287,0324,0310,0338,0320,0328,0301,0336,0345,0335,0347,0350,0354,0364,0365,0305,0309,0315,0367,0318,0341,0358,0322,0202,0378,0332,0340,0355,0311,0356,0316,0349,0331,0346,0307,0314,0337,0292,0312,0390,0306,0333,0342,0308,0366,0302,0313,0344,0334,0353,0299"
994978,ZA,,,-32.09618,28.30489,,,,,Idutywa,Idutywa,Idutywa,0,"5000,5007,5010,5021,5012,5006,5005,5018,5002,5017,5003,5004,5019,5014,5011,5016,5015"
959137,ZA,,,-26.56187,27.94103,,,,,Roshnee,Roshnee,,0,1936
1020592,ZA,,,-32.67903,26.08686,,,,,Bedford,Bedford,Bedford,0,5780
1022913,ZA,,,-26.98333,28.85,,,,,Amersfoort,Amersfoort,Amersfoort,0,2490
987298,ZA,,,-28.96667,30.86667,,,,,Kranskop,Kranskop,"Kranskop,Krantzkop",0,3269
939270,ZA,,,-25.87133,29.23323,,,,,Witbank,Witbank,"EMalahleni,Ehmalakhleni,Emalahleni,Gorad Ehmalakhleni,Vitbank,Vitbankas,Witbank,wei te ban ke,Вітбанк,Горад Эмалахлені,Эмалахлени,وٹبینک,威特班克",262491,"2210,1047,2226,1077,1039,1043,1075,1082,1033,1080,2230,1045,1059,1048,1035,1037,1090,2200,1081,2225,1097,1042,1032,1112,1073,1036,1049,1046,1072,1074,1034,1076,1044,1040,1038"
3362713,ZA,,,-29.25188,16.8697,,,,,Port Nolloth,Port Nolloth,Port Nolloth,0,"8280,8283,8284"
978944,ZA,,,-24.96627,29.29068,,,,,Marble Hall,Marble Hall,Marble Hall,0,"0465,0478,0450,0453,0466,0458,0457,0467,0484,0459,1062,0449,0479,0472,0452,0464,0455,0460,0468,0454,0456,0451"
939455,ZA,,,-30.09626,30.85583,,,,,Winklespruit,Winklespruit,"Winkelspruit,Winklespruit",0,"4126,4145"
1003953,ZA,,,-32.77477,26.63376,,,,,Fort Beaufort,Fort Beaufort,"Fort Beaufort,Fort-Bofort,bo fu te gang,Форт-Бофорт,فورٹ بیوفورٹ,博福特港",58419,"5720,5730"
1019102,ZA,,,-26.1344,27.97033,,,,,Blackheath,Blackheath,Blackheath,0,7580
966166,ZA,,,-26.9033,27.45727,,,,,Parys,Parys,"Paris,Parys,Парис",71319,9585
1013886,ZA,,,-29.73333,30.58333,,,,,Cato Ridge,Cato Ridge,"Cato Bridge,Cato Ridge",0,3680
947267,ZA,,,-27.55513,28.51609,,,,,Tweeling,Tweeling,Tweeling,0,9820
954286,ZA,,,-23.49246,29.94216,,,,,Soekmekaar,Soekmekaar,"Soekmekaar,Zoekmakaar,Zoekmekaar",0,0810
985218,ZA,,,-26.29575,28.40009,,,,,Kwathema,KwaThema,KwaThema,0,"1575,1576"
945142,ZA,,,-24.16667,28.1,,,,,Vaalwater,Vaalwater,,0,0537
950468,ZA,,,-30.95875,29.30221,,,,,Tabankulu,Tabankulu,,0,"5131,5132,5135,5134,5136,5130"
1013067,ZA,,,-26.33172,26.32065,,,,,Coligny,Coligny,Coligny,0,"2727,2725,2726"
944385,ZA,,,-26.67313,27.92615,,,,,Vereeniging,Vereeniging,"Feriniging,Ferinikhing,Vereeniging,Vereniging,Verenigingas,ferinihingu,fu li ni xin,peleinihing,wrynygyng,Веренигинг,Феринихинг,Ферінігінг,ورینیگینگ,フェリーニヒング,弗里尼欣,페레이니힝",474681,"1934,1939,1936,1942,1928,1935,1937,1943,1944,1940,1941,1904,1933,1929"
996609,ZA,,,-30.26667,30.2,,,,,Highflats,Highflats,,0,"3306,3305"
1003702,ZA,,,-31.91566,21.51335,,,,,Fraserburg,Fraserburg,Fraserburg,3029,6960
972803,ZA,,,-28.41789,32.18483,,,,,Mtubatuba,Mtubatuba,"DUK,Mtubatuba",0,"3935,3940,3925,3930,3936"
995397,ZA,,,-27.20398,22.96044,,,,,Hotazel,Hotazel,Hotazel,0,8467
1006830,ZA,,,-29.26076,21.63966,,,,,Edenville,Edenville,,0,9535
1011632,ZA,,,-30.64966,24.0123,,,,,De Aar,De Aar,"De Aar,De-Ar,Gorad Deh-Ar,de a er,Горад Дэ-Ар,Де-Ар,Դե Աար,德阿爾",32318,"7000,8780"
949703,ZA,,,-29.20932,26.83898,,,,,Thaba Nchu,Thaba Nchu,"TCU,Thaba Nchu,Thabantsjoe",38616,"9790,9784,9783"
951107,ZA,,,-25.26827,28.16931,,,,,Swartbooistad,Swartbooistad,"Swartbooistad,Swartbooistat,Zwartbooystad",0,0418
1014073,ZA,,,-26.36094,27.39767,,,,,Carletonville,Carletonville,Carletonville,182304,"2503,2495,2507,2496,2504,2511,2519,2509,2508,2501,2517,2502,2513,2516,2499,2500"
3363957,ZA,,,-33.15388,18.66031,,,,,Moorreesburg,Moorreesburg,Moorreesburg,0,"7312,7310"
937459,ZA,,,-26.83731,27.84353,,,,,Zamdela,Zamdela,,0,1949
981554,ZA,,,-29.75023,24.78794,,,,,Luckhoff,Luckhoff,Luckhoff,0,9982
1016747,ZA,,,-29.7181,30.73331,,,,,Botha'S Hill,Botha’s Hill,"Botha's Hill,Botha’s Hill",0,3660
946973,ZA,,,-23.83322,30.16351,,,,,Tzaneen,Tzaneen,"LTA,Tzaneen,cha nen,zanyn,Тзанеен,زانین,察嫩",16954,"0871,0854,0863,0850,0868,0875,0852,0857,0861,0872,0873,0876,0860,0859"
940424,ZA,,,-27.8549,26.36583,,,,,Wesselsbron,Wesselsbron,Wesselsbron,42552,"9680,9682"
977797,ZA,,,-29.85,30.98333,,,,,Mayville,Mayville,,0,"4091,4138,4082"
1012080,ZA,,,-29.34093,30.63119,,,,,Dalton,Dalton,Dalton,0,"3259,3238,3230,3242,3236"
952213,ZA,,,-33.33274,24.34539,,,,,Steytlerville,Steytlerville,Steytlerville,0,6250
976764,ZA,,,-26.55987,28.0195,,,,,Meyerton,Meyerton,Meyerton,0,"1938,1918,1961,1873,1872,1962,1963,1871"
1020641,ZA,,,-32.35671,22.58295,,,,,Beaufort West,Beaufort West,"Beaufort West,Beaufort-Wes,Bofort-Uehst,xi bo fu te,Бофорт-Уэст,بیوفورٹ غربی,西博福特",44737,"6950,6970,6940,6973"
1020641,ZA,,,-32.35671,22.58295,,,,,Beaufort-Wes,Beaufort West,"Beaufort West,Beaufort-Wes,Bofort-Uehst,xi bo fu te,Бофорт-Уэст,بیوفورٹ غربی,西博福特",44737,6970
1020641,ZA,,,-32.35671,22.58295,,,,,Beaufort Wes,Beaufort West,"Beaufort West,Beaufort-Wes,Bofort-Uehst,xi bo fu te,Бофорт-Уэст,بیوفورٹ غربی,西博福特",44737,6970
3362675,ZA,,,-33.30392,19.32468,,,,,Prince Alfred Hamlet,Prince Alfred Hamlet,"Prince Alfred Hamlet,Prince Alfreds Hamlet",0,"6835,6840"
944540,ZA,,,-28.08561,27.13814,,,,,Ventersburg,Ventersburg,Ventersburg,10698,9450
1003844,ZA,,,-28.58333,28.13333,,,,,Fouriesburg,Fouriesburg,,0,9725
3370356,ZA,,,-33.96722,18.50214,,,,,Athlone,Athlone,Athlone,0,7764
967557,ZA,,,-26.16184,28.09011,,,,,Orange Grove,Orange Grove,Orange Grove,0,2192
969532,ZA,,,-30.73333,30.03333,,,,,Nqabeni,Nqabeni,"Enquabeni,Nqabeni",0,4682
995094,ZA,,,-34.02903,24.76912,,,,,Humansdorp,Humansdorp,Humansdorp,0,"6302,6311,6304,6375,6310,6300,6303,6307,6313,6306"
940909,ZA,,,-27.97742,26.73506,,,,,Welkom,Welkom,"Velkom,Velkomas,WEL,Welkom,u~erukomu,wei er ke mu,Велком,Վելկոմ,ウェルコム,韋爾科姆",431944,"9460,9477,9438,9465,9471,9473,9462,9459,9466,9463,9468,9470,9488,9467"
942701,ZA,,,-27.42573,29.16585,,,,,Vrede,Vrede,Vrede,14622,"9850,9835"
944024,ZA,,,-31.40364,23.11461,,,,,Victoria West,Victoria West,"Victoria West,Victoria-Wes",0,"7070,7071"
940477,ZA,,,-29.72866,27.03805,,,,,Wepener,Wepener,Wepener,0,9944
949019,ZA,,,-25.22487,28.21306,,,,,Thulwe,Thulwe,,0,0419
1013397,ZA,,,-28.5154,28.41985,,,,,Clarens,Clarens,Clarens,0,9707
1012413,ZA,,,-25.67088,28.52364,,,,,Cullinan,Cullinan,"Cullinan,Kullinan,Куллинан",25490,"1003,1004,1005,1002"
948128,ZA,,,-24.16953,30.40063,,,,,Trichardtsdal,Trichardtsdal,,0,"0891,0896,0893"
998001,ZA,,,-33.83308,24.88359,,,,,Hankey,Hankey,Hankey,0,6350
3369129,ZA,,,-33.36889,19.31095,,,,,Ceres,Ceres,"Cerera,Ceres,sai lei si,Церера,塞雷斯",41596,"6837,6835,6840,6838,6836"
966060,ZA,,,-27.42426,30.81689,,,,,Paulpietersburg,Paulpietersburg,Paulpietersburg,0,"3185,3180"
952200,ZA,,,-34.3693,21.40748,,,,,Still Bay,Still Bay,"Stilbaai,Still Bay",0,"6675,6674,6676"
957466,ZA,,,-25.16092,27.16296,,,,,Saulspoort,Saulspoort,,0,"0374,0318,0399"
965598,ZA,,,-26.09855,28.37644,,,,,Petit,Petit,,0,"1501,1512"
969683,ZA,,,-26.03333,28.08333,,,,,Northdene,Northdene,"Northdene,Northdene Estate",0,"4147,4093"
1105761,ZA,,,-25.61889,28.02278,,,,,Medunsa,Medunsa,,0,"0204,0190"
1000501,ZA,,,-33.30422,26.53276,,,,,Grahamstown,Grahamstown,"Grahamstad,Grahamstown,Grehkhehmstaun,IRhini,ge la han zhen,geuleieomseutaun,gurahamuzutaun,Грэхэмстаун,グラハムズタウン,格拉罕鎮,그레이엄스타운",91548,"6140,6146,5805,6139,6143,6142,6145,6141,6150"
1002299,ZA,,,-33.91624,25.55353,,,,,Gelvandale,Gelvandale,,0,6020
3360456,ZA,,,-34.06667,18.43333,,,,,Tokai,Tokai,,0,7945
964599,ZA,,,-28.55292,30.42502,,,,,Pomeroy,Pomeroy,Pomeroy,0,"3011,3020"
975144,ZA,,,-26.08909,28.16534,,,,,Modderfontein,Modderfontein,,3000,1609
1013675,ZA,,,-29.91866,30.8917,,,,,Chatsworth,Chatsworth,"Chatsworth,Chatsworth 1,Chatsworth Indian Township",0,"4087,4092,4084,4147,4142,4054,4132,3610,4030"
959103,ZA,,,-25.62417,28.09417,,,,,Rosslyn,Rosslyn,Rosslyn,0,"0182,0200"
948046,ZA,,,-26.35626,28.38208,,,,,Tsakane,Tsakane,Tsakane,0,"1550,1551"
988374,ZA,,,-26.49414,27.46413,,,,,Kokosi,Kokosi,,0,2515
3363455,ZA,,,-33.98747,18.58546,,,,,Nyanga,Nyanga,Nyanga,0,7750
3366695,ZA,,,-33.06255,18.34907,,,,,Hopefield,Hopefield,Hopefield,0,7355
945804,ZA,,,-31.40847,26.58654,,,,,Uvongo,Uvongo,,0,4270
3370041,ZA,,,-31.03709,18.26484,,,,,Bitterfontein,Bitterfontein,Bitterfontein,0,"8201,8205,8202,8204"
957592,ZA,,,-26.52946,25.80894,,,,,Sannieshof,Sannieshof,Sannieshof,0,2760
1019704,ZA,,,-28.23078,28.30707,,,,,Bethlehem,Bethlehem,"Bethlehem,Vifleem,Вифлеем",83654,"9706,9704,9703,9700,9705,9702,9701"
950003,ZA,,,-24.48333,30.41667,,,,,Taung,Taung,,0,8576
982899,ZA,,,-26.152,26.15968,,,,,Lichtenburg,Lichtenburg,"Lichtenburg,Likhtenburge,Лихтенбурге",65863,"2754,2742,2740,2741,2755,2743,2730,2762"
3369157,ZA,,,-33.92584,18.42322,,,,,Cape Town,Cape Town,"Altepetl In Cabo,Ar Chab,CPT,Cape Toun,Cape Town,Cidade do Cabo,Cita del Cap,Citati du Capu,Citati dû Capu,Citta del Capo,Cittae do Cavo,Città del Capo,Cità del Cap,Ciuda del Cabu,Ciudad del Cabo,Ciudat do Cabo,Ciudá del Cabu,Ciutat del Cap,Civitas Capitis,El Cabo,Fokvaros,Fokváros,Gorad Kejptaun,Hoefdaborg,Hovdastadur,Höfðaborg,Høvdastaður,IKapa,Kaapstad,Kaapsted,Kaapstêd,Kab town,Kabe Urbe,Kaburbo,Kaepstad,Kapetown,Kapkaupunki,Kaplinn,Kapske Mesto,Kapske Misto,Kapské Mesto,Kapské Město,Kapstad,Kapstaden,Kapstadt,Kapsztad,Kapétown,Keip Taoun,Keiptaun,Keiptauna,Keiptaunas,Keiptauns,Kejptaun,Keyptaun,Keyptawn,Keýptaun,Le Cap,Li Kap,Lo Cap,Lurmutur Hiria,Lé Cap,Sita del Cao,Sita del Cap,Sità del Cao,Sità dël Cap,Tref y Penrhyn,Yvy akua Tava,Yvy akua Táva,hao wang jiao zhen,iKapa,kai pu dui,kai pu dun,keipeutaun,kep taun,kep tavun,kepa ta'una,kepata'una,keputaun,khep thawn,kyb tawn,kېp ټawn,Çittæ do Cavo,Κέιπ Τάουν,Горад Кейптаўн,Капске Місто,Кейптаун,Кејптаун,Քեյփթաուն,קאפשטאט,קייפטאון,كيب تاون,کیپ ٹاؤن,کیپ‌تاون,کېپ ټاون,کەیپ تاون,केपटाउन,केपताउन,কেপ টাউন,ਕੇਪਟਾਊਨ,કેપ ટાઉન,କେପ ଟାଉନ,கேப் டவுன்,కేప్ టౌన్,ಕೇಪ್ ಟೌನ್,കേപ് ടൗൺ,เคปทาวน์,ကိပ်တောင်းမြို့,კეიპტაუნი,ኬፕ ታውን,ケープタウン,好望角鎮,開普敦,케이프타운",3433441,"7966,7439,7751,8003,7945,7525,7708,7950,7780,7404,7975,8017,8002,7783,8020,7800,7766,7782,7456,7560,7779,8005,8160,7550,7760,7507,7400,7806,7937,7499,7725,7801,7437,8050,7925,7824,7848,7441,7530,7535,7941,7420,8060,7764,7551,7100,7705,8051,7430,8008,7872,7700,7406,7425,8007,7405,8010,7784,7915,8012,8018,7965,7755,7460,7745,7974,7500,7561,7489,7735,7808,7463,7490,7880,7493,7864,8040,7455,7750,8001,7888,7785,8000,7103,7789,7935,7407"
952906,ZA,,,-30.26391,25.70401,,,,,Springfontein,Springfontein,Springfontein,0,9917
7910441,ZA,,,-34.08446,18.45583,,,,,Lakeside,Lakeside,,0,7945
946877,ZA,,,-33.75757,25.3971,,,,,Uitenhage,Uitenhage,"Ehjtenkhakhe,Ejtenkhakhe,Jutunkhakh,Uitenhage,awytnhag,oitenhahe,Ейтенхахе,Эйтенхахе,Ютънхах,اویتنهاگ,オイテンハーヘ",228912,"6234,6232,6229,6242,6021,6230,6231,6238"
949880,ZA,,,-25.99636,28.2268,,,,,Tembisa,Tembisa,Tembisa,511655,"1636,1691,1688,1690,1635,1640,1689,1693,1637"
986477,ZA,,,-25.15,29.15,,,,,Kuilsrivier,Kuilsrivier,,0,"7579,7580,7583"
996800,ZA,,,-28.12759,25.50387,,,,,Hertzogville,Hertzogville,Hertzogville,0,9482
1015612,ZA,,,-30.58746,23.50391,,,,,Britstown,Britstown,Britstown,0,8782
941966,ZA,,,-24.88333,28.28333,,,,,Warmbaths,Warmbaths,"Warmbad,Warmbaths",90210,"0480,0420,0406,0492,0430,0483"
975978,ZA,,,-29.96635,30.5161,,,,,Mid Illovo,Mid Illovo,,0,3750
952354,ZA,,,-25.37354,30.52878,,,,,Sterkspruit,Sterkspruit,,0,9762
984998,ZA,,,-28.55874,29.77896,,,,,Ladysmith,Ladysmith,"LAY,Ladysmith",0,"3360,3373,3378,3380,3382,3371,3377,3375,3370,3384,2900,3374"
1011062,ZA,,,-26.68638,25.45907,,,,,Delareyville,Delareyville,Delareyville,0,"2771,2748,2772,2747,2776,2718"
974719,ZA,,,-31.39675,26.36246,,,,,Molteno,Molteno,Molteno,10078,5500
990849,ZA,,,-32.88031,27.39454,,,,,King Williams Town,King William’s Town,"King William's Town,King William’s Town",0,"5614,5601,5611"
990849,ZA,,,-32.88031,27.39454,,,,,King William'S Town,King William’s Town,"King William's Town,King William’s Town",0,"4931,5609,5601,5600,5610,5607"
3361934,ZA,,,-33.01167,17.9442,,,,,Saldanha,Saldanha,"Hoedjes Bay,Hoedjesbaai,Hoetjes Bay,SDB,Saldana,Saldanha,Салдана",68284,"7382,7395,7282"
938673,ZA,,,-28.5296,28.80036,,,,,Witsieshoek,Witsieshoek,"Witsieshoek,Witzieshoek",0,"9877,9870,9868,9878,9875,9869"
994060,ZA,,,-31.12109,26.80687,,,,,Jamestown,Jamestown,Jamestown,0,9742
996506,ZA,,,-29.77475,30.76396,,,,,Hillcrest,Hillcrest,Hillcrest,0,"3660,3626,3610"
3364333,ZA,,,-33.98972,18.55627,,,,,Manenberg,Manenberg,Manenberg,0,7764
949224,ZA,,,-22.94564,30.48497,,,,,Thohoyandou,Thohoyandou,"THY,Thohoyandou,Thohoyanḓou,Tkhokhojandou,suo he yan du,Тхохояндоу,تھوہویانڈو,索赫燕杜",44046,"0959,0929,0952"
965471,ZA,,,-30.43733,24.47261,,,,,Philipstown,Philipstown,Philipstown,0,8795
984012,ZA,,,-27.23712,26.23514,,,,,Leeudoringstad,Leeudoringstad,"Leeudoringstad,Leeuwdoornsstad,Leeuwdoornstad",0,2640
985740,ZA,,,-25.73086,31.81321,,,,,Kwalugedlane,KwaLugedlane,,0,"1347,1348,1377,1352"
1105756,ZA,,,-25.59053,28.23707,,,,,Pyramid,Pyramid,,0,0120
985015,ZA,,,-29.19448,27.45739,,,,,Ladybrand,Ladybrand,Ladybrand,17228,"9746,9745,9748"
3359020,ZA,,,-34.00824,18.46635,,,,,Wynberg,Wynberg,Wynberg,0,7800
3359933,ZA,,,-34.13564,18.42854,,,,,Vishoek,Vishoek,"Fishhoek,Vishoek",0,"7975,7990"
977710,ZA,,,-27.48105,32.58273,,,,,Mbazwana,Mbazwana,"M'Bazwane,Mbazwana,M’Bazwane",0,"3974,3988"
1008106,ZA,,,-24.58333,30.16667,,,,,Driekop,Driekop,,0,"1128,1131"
954161,ZA,,,-32.72173,25.58804,,,,,Somerset East,Somerset East,"Somerset East,Somerset-Oos",16155,5850
965447,ZA,,,-26.07098,29.20451,,,,,Phoenix,Phoenix,,0,"4068,4302,4099,4158,4300,4080,4309,4157,4156"
1105731,ZA,,,-25.10389,28.52194,,,,,Bamokgoko,Bamokgoko,,0,0432
971421,ZA,,,-27.75796,29.9318,,,,,Newcastle,Newcastle,"NCS,Newcastle",404838,"2944,2956,3082,2954,2942,2940,2945,2953,2941,2950,2958"
1105727,ZA,,,-25.43001,28.71218,,,,,Kwamhlanga,Kwamhlanga,Kwamhlanga,0,"1022,1023"
969582,ZA,,,-31.18736,24.94991,,,,,Noupoort,Noupoort,"Naauwpoort,Noupoort",3924,5950
